en,es
you,tú
I,yo
the,la
it,eso
and,y
that,que
of,de
is,es
in,en
what,qué
we,nosotros
me,yo
this,este
he,él
for,por
my,mi
on,en
have,tener
your,su
do,hacer
was,estaba
no,no
not,no
be,ser
are,son
don,don
know,saber
can,pueden
with,con
but,pero
all,todos
so,asi que
just,sólo
there,allá
here,aquí
they,ellos
like,me gusta
get,obtener
she,ella
go,Vamos
if,si
right,Correcto
out,afuera
about,sobre
up,arriba
him,a él
now,ahora
oh,Oh
one,una
come,venir
well,bien
her,su
how,cómo
yeah,sí
will,voluntad
got,obtuvo
want,desear
think,pensar
as,como
see,ver
did,hizo
good,bueno
who,quién
why,por qué
from,de
let,dejar
his,su
yes,sí
when,cuando
going,yendo
time,tiempo
an,un
okay,okey
back,espalda
look,Mira
us,a nosotros
would,haría
them,a ellos
where,dónde
were,fueron
take,tomar
then,después
had,tenido
or,o
been,estado
our,nuestro
gonna,ir a
tell,decir
really,De Verdad
man,hombre
some,alguno
say,decir
hey,Oye
could,pudo
didn,no
by,por
need,necesitar
something,alguna cosa
has,posee
too,también
more,más
way,camino
down,abajo
make,hacer
very,muy
never,nunca
only,solamente
people,gente
over,sobre
because,porque
little,poco
please,por favor
love,amor
should,debería
mean,significar
said,dijo
sorry,perdón
give,dar
off,apagado
am,soy
thank,gracias
any,ningún
two,dos
even,incluso
much,mucho
doing,haciendo
sure,Por supuesto
thing,cosa
these,estas
help,ayuda
first,primero
into,dentro
anything,cualquier cosa
still,todavía
find,encontrar
life,vida
nothing,nada
sir,señor
day,día
god,dios
work,trabajar
their,sus
uh,oh
again,otra vez
maybe,quizás
must,deber
before,antes de
other,otro
wait,Espere
stop,deténgase
call,llamar
after,después
won,ganó
talk,hablar
away,lejos
than,que
thought,pensamiento
home,hogar
night,noche
put,poner
great,estupendo
those,aquellos
last,ultimo
better,mejor
everything,todo
told,dicho
new,nuevo
things,cosas
always,siempre
keep,mantener
long,largo
years,años
leave,abandonar
does,lo hace
money,dinero
around,alrededor
doesn,no
name,nombre
place,lugar
ever,alguna vez
feel,sentir
guys,tipo
father,padre
guy,tipo
made,hecha
old,antiguo
isn,no
which,cual
big,grande
lot,lote
done,hecho
hello,Hola
nice,bonito
believe,creer
girl,chica
someone,alguien
fine,multa
thanks,Gracias
wanted,querido
kind,tipo
coming,viniendo
house,casa
every,cada
ok,OK
through,mediante
being,siendo
course,curso
stay,Quédate
left,izquierda
dad,papá
enough,suficiente
happened,sucedió
came,vino
may,mayo
mother,madre
wrong,equivocado
world,mundo
bad,malo
might,puede que
three,Tres
today,Este Dia
listen,escuchar
another,otro
understand,comprender
hear,oír
remember,recuerda
ask,pedir
own,propio
same,mismo
show,mostrar
else,más
kill,matar
talking,hablando
found,fundar
next,Siguiente
getting,consiguiendo
care,cuidado
car,coche
looking,buscando
son,hijo
try,probar
woman,mujer
went,se fue
hi,hola
dead,muerto
many,muchos
mind,mente
wasn,no era
friend,amigo
best,mejor
mom,mamá
hell,infierno
morning,Mañana
trying,difícil
boy,chico
together,juntos
yourself,tú mismo
job,trabajo
saw,sierra
family,familia
real,real
without,sin que
baby,bebé
room,habitación
wouldn,lo haría
already,ya
move,Muevete
most,la mayoría
seen,visto
live,En Vivo
miss,señorita
actually,Realmente
shit,mierda
both,ambas cosas
heard,Escuchó
once,una vez
ready,Listo
head,cabeza
called,llamó
used,usó
idea,ocurrencia
knew,supo
hold,mantener
happy,contento
door,puerta
such,tal
fuck,Mierda
brother,hermano
also,además
pretty,bonita
bit,un poco
took,tomó
haven,refugio
yet,aún
men,hombres
whole,entero
start,comienzo
use,usar
while,tiempo
since,ya que
wife,esposa
days,días
guess,adivinar
tomorrow,mañana
matter,asunto
meet,reunir
bring,traer
tonight,esta noche
everyone,todo el mundo
run,correr
wanna,querer
hard,difícil
ah,ahorcado
alone,solo
myself,mí mismo
school,escuela
gone,desaparecido
um,um
end,final
saying,dicho
phone,teléfono
play,desempeñar
looks,aspecto
couldn,se puede
fucking,maldito
problem,problema
few,pocos
friends,amigos
gotta,tengo que
ago,atrás
open,abierto
anyone,cualquiera
killed,delicado
hope,esperar
face,cara
until,Hasta que
lost,perdió
police,policía
excuse,disculpar
turn,giro
business,negocio
case,caso
wants,quiere
says,dice
TRUE,CIERTO
die,morir
heart,corazón
soon,pronto
each,cada
worry,preocuparse
later,luego
year,año
watch,reloj
music,música
hand,mano
having,tener
probably,probablemente
beautiful,hermoso
doctor,médico
sit,sentar
eat,comer
thinking,pensando
young,joven
second,segundo
working,laboral
water,agua
person,persona
part,parte
kids,niños
late,tarde
stuff,cosas
exactly,exactamente
under,por debajo
death,muerte
minute,minuto
pay,pagar
crazy,loca
forget,olvidar
everybody,todos
kid,niño
change,cambio
gave,dio
happen,suceder
damn,maldita sea
five,cinco
drink,beber
far,lejos
knows,saber
its,su
whatever,lo que sea
eyes,ojos
shut,cerrado
aren,no sean
hit,pegar
taking,tomando
easy,fácil
times,veces
check,controlar
hands,manos
minutes,minutos
deal,acuerdo
different,diferente
means,medio
point,punto
inside,en el interior
makes,hace
asked,preguntó
somebody,alguien
mine,mía
making,haciendo
body,cuerpo
afraid,atemorizado
sleep,dormir
chance,oportunidad
dear,Estimado
quite,bastante
four,cuatro
anyway,de todos modos
close,cerca
ain,ain
party,fiesta
fun,divertida
against,contra
word,palabra
comes,proviene
important,importante
set,establecer
shall,deberá
story,historia
number,número
daughter,hija
least,el menos
waiting,esperando
hurt,herir
wish,deseo
moment,momento
fight,lucha
week,semana
husband,esposo
girls,muchachas
rest,descansar
married,casado
fire,fuego
game,juego
nobody,nadie
mr,Sres
children,niños
side,lado
stand,pararse
read,leer
though,aunque
cut,Corte
started,empezado
sister,hermana
supposed,supuesto
between,Entre
child,niño
goes,va
hours,horas
speak,hablar
women,mujeres
behind,detrás
almost,casi
truth,verdad
blood,sangre
able,poder
lady,dama
anymore,más
playing,jugando
gets,obtiene
shot,Disparo
reason,razón
trouble,problema
break,descanso
war,guerra
city,ciudad
walk,caminar
town,pueblo
trust,confianza
met,reunió
office,oficina
question,pregunta
brought,trajo
yours,tuya
welcome,bienvenidos
high,alto
wow,guau
couple,pareja
half,mitad
died,murió
cool,Frío
free,libre
either,o
seems,parece
power,energía
whoa,whoa
bye,adiós
buy,comprar
telling,narración
honey,miel
tried,intentó
front,frente
team,equipo
answer,responder
gun,pistola
boys,Niños
line,línea
send,enviar
news,noticias
stupid,tonto
bed,cama
hurry,apuro
full,completo
months,meses
save,ahorrar
sometimes,algunas veces
become,convertirse en
along,a lo largo de
hate,odio
food,alimento
outside,fuera de
light,luz
l,l
needs,necesidades
dog,perro
country,país
clear,claro
order,ordenar
em,Em
fact,hecho
lord,caballero
captain,capitán
six,seis
hot,caliente
funny,gracioso
black,negro
alive,viva
pick,elegir
feeling,sentimiento
living,vivir
cause,causa
ahead,adelante
lose,perder
king,rey
plan,plan
dinner,cena
sighs,suspiros
sort,clasificar
leaving,partida
shouldn,debería
running,correr
boss,jefe
alright,está bien
promise,promesa
taken,tomado
safe,seguro
ma,mamá
book,libro
sent,enviado
white,blanco
hour,hora
anybody,cualquiera
small,pequeña
perfect,Perfecto
lives,vive
special,especial
parents,padres
s,s
john,Juan
himself,él mismo
perhaps,quizás
sounds,sonidos
serious,serio
sick,enfermo
company,empresa
ha,decir ah
scared,asustado
uncle,tío
poor,pobre
red,rojo
past,pasado
earth,tierra
possible,posible
shoot,disparar
touch,tocar
sound,sonido
top,parte superior
ass,culo
laughs,risas
cannot,no poder
asking,pidiendo
win,victoria
glad,contento
control,control
hmm,mmm
human,humano
drive,conducir
hair,pelo
jack,Jack
bitch,perra
luck,suerte
murder,asesinato
happens,ocurrir
air,aire
ten,diez
daddy,papi
finally,finalmente
chuckles,risas
fast,rápido
cold,frío
seem,parecer
laughing,reír
words,palabras
hospital,hospital
street,calle
hang,colgar
dance,baile
meeting,reunión
till,hasta
others,otros
catch,captura
follow,seguir
sense,sentido
sex,sexo
lie,mentir
evening,tardecita
master,Maestro
known,conocido
dream,sueño
write,escribe
million,millón
voice,voz
sweet,dulce
rather,bastante
felt,sintió
sign,señal
lucky,afortunado
somewhere,en algún lugar
bet,apuesta
jesus,Jesús
longer,más extenso
calling,vocación
worked,trabajó
quiet,tranquilo
looked,mirado
less,menos
pull,jalar
beat,derrotar
careful,Cuidado
coffee,café
return,devolver
secret,secreto
weeks,semanas
weren,weren
date,fecha
seeing,viendo
fall,otoño
given,dado
ooh,Oh
fault,culpa
straight,directo
takes,toma
song,canción
future,futuro
gentlemen,caballeros
loved,amado
changed,cambió
road,la carretera
calm,calma
wonderful,maravilloso
mad,enojado
turned,transformado
drop,soltar
ladies,señoras
learn,aprender
step,paso
absolutely,absolutamente
early,temprano
explain,explique
clean,limpio
piece,pieza
yesterday,el dia de ayer
throw,lanzar
picture,imagen
land,tierra
feet,pies
wonder,preguntarse
questions,preguntas
speaking,discurso
worth,valor
darling,querida
dude,tipo
giving,donación
president,presidente
eye,ojo
quick,rápido
moving,Moviente
figure,figura
state,estado
strong,fuerte
sam,sam
none,ninguna
amazing,increíble
ones,unos
works,obras
act,Actuar
needed,necesario
weird,extraño
law,ley
worried,preocupado
report,reporte
goodbye,adiós
missing,perdido
choice,elección
happening,sucediendo
chief,jefe
wedding,boda
strange,extraño
general,general
pain,dolor
kidding,bromear
decided,decidió
pass,pasar
tired,cansado
class,clase
officer,oficial
kept,mantuvo
wake,despertarse
worse,peor
busy,ocupado
eh,eh
mistake,error
kiss,Beso
court,tribunal
building,edificio
finish,finalizar
during,durante
age,años
ship,Embarcacion
caught,capturado
marry,casar
meant,quiso decir
sell,vender
dark,oscuro
watching,mirando
system,sistema
suppose,suponer
evidence,evidencia
movie,película
ride,conducir
t,T
completely,completamente
mouth,boca
totally,totalmente
birthday,cumpleaños
tv,televisión
forgive,perdonar
born,nacido
imagine,imaginar
information,información
instead,en cambio
definitely,definitivamente
security,seguridad
certainly,seguramente
film,película
month,mes
lying,mintiendo
unless,a no ser que
train,tren
seven,Siete
wear,tener puesto
clothes,ropa
michael,Miguel
hotel,hotel
christmas,Navidad
attack,ataque
hasn,no ha
round,redondo
expect,suponer
sing,cantar
terrible,horrible
george,Jorge
bag,bolsa
history,historia
blue,azul
near,cerca
broke,rompió
station,estación
seriously,en serio
forever,Siempre
david,David
frank,franco
except,excepto
thinks,pensamiento
message,mensaje
entire,completo
joe,José
table,mesa
talked,habló
across,a través de
rock,roca
lovely,hermoso
handle,resolver
middle,medio
buddy,amigo
paid,pagado
protect,proteger
using,usando
floor,piso
ran,corrió
swear,jurar
spend,gastar
situation,situación
ring,anillo
anywhere,en cualquier sitio
dangerous,peligroso
bill,factura
army,ejército
lead,Plomo
bought,comprado
finished,acabado
fair,justa
sun,sol
letter,carta
fool,engañar
attention,atención
club,club
simple,simple
interesting,interesante
space,espacio
test,prueba
box,caja
group,grupo
single,único
sitting,sesión
marriage,matrimonio
join,unirse
fear,miedo
d,d
peace,paz
forgot,olvidó
force,fuerza
short,corto
normal,normal
charlie,charlie
present,presente
enjoy,disfrutar
mike,Miguel
crime,delito
horse,caballo
ground,terrestre
american,americano
count,contar
area,área
charge,cobrar
honor,honor
lunch,comida
miles,millas
radio,radio
idiot,estúpido
ball,pelota
surprise,sorpresa
paper,papel
key,llave
boat,barco
quickly,rápidamente
gold,oro
bar,bar
fish,pez
mark,Marcos
tom,Tomás
wearing,usando
crying,llorando
accident,accidente
government,gobierno
eight,ocho
fell,cayó
cover,cubrir
certain,cierto
interested,interesado
deep,profundo
star,estrella
sea,mar
agree,aceptar
problems,problemas
detective,detective
prison,prisión
major,importante
stick,palo
offer,oferta
difficult,difícil
smart,inteligente
personal,personal
record,registro
stopped,detenido
hide,ocultar
whether,ya sea
bank,banco
trip,viaje
america,America
public,público
list,lista
afternoon,tarde
brain,cerebro
fix,arreglar
bastard,bastardo
proud,orgulloso
tea,té
service,Servicio
screaming,gritando
forward,delantero
angry,enfadado
park,parque
soul,alma
fighting,lucha
peter,péter
rich,rico
agent,agente
blow,explotar
paul,Pablo
dress,vestir
mary,María
missed,omitido
scene,escena
killing,asesinato
standing,de pie
saved,salvado
mm,mm
respect,respeto
killer,asesino
ice,hielo
mess,desorden
tough,pese
feels,siente
church,iglesia
sad,triste
cell,célula
drunk,ebrio
share,Cuota
camera,cámara
mm-hmm,mm-hmm
within,dentro de
card,tarjeta
fly,volar
ben,ben
girlfriend,Novia
laugh,risa
smell,oler
broken,roto
mum,mamá
honest,honesto
often,con frecuencia
starting,comenzando
calls,llamadas
y,Y
spent,gastó
third,tercera
english,inglés
visit,visitar
mama,mamá
judge,juez
window,ventana
hungry,hambriento
dare,atrevimiento
relationship,relación
moved,movido
prove,demostrar
private,privado
wall,pared
seat,asiento
i-i,I-I
position,posición
lieutenant,teniente
realize,darse cuenta
lt,teniente
especially,especialmente
machine,máquina
walking,caminando
art,Arte
pleasure,Placer
bloody,sangriento
college,colega
french,francés
involved,involucrado
cry,llorar
became,convertirse
lived,vivió
impossible,imposible
obviously,obviamente
neither,ninguno de los dos
accept,aceptar
boyfriend,novio
besides,además
queen,reina
teacher,profesor
cops,policías
sake,motivo
loves,ama
carry,llevar
teach,enseñar
apartment,Departamento
upset,decepcionado
green,verde
la,la
liked,apreciado
cute,lindo
evil,demonio
professor,profesor
contact,contacto
joke,broma
cop,policía
huge,enorme
holy,santo
store,Tienda
jail,celda
likes,gustos
lawyer,abogado
doubt,duda
continue,Seguir
appreciate,valorar
cat,gato
shop,tienda
driving,conduciendo
congratulations,Felicidades
wrote,escribió
village,aldea
quit,abandonar
field,campo
james,James
wine,vino
decision,decisión
south,sur
sleeping,dormido
slow,lento
laughter,la risa
island,isla
glass,vidrio
beginning,comienzo
cash,dinero
dying,muriendo
hundred,ciento
whose,cuyo
difference,diferencia
plane,plano
push,empujar
continues,continúa
mmm,mmm
singing,cantando
eating,comiendo
north,norte
mrs,sra.
tree,árbol
madam,señora
gift,regalo
truck,camión
putting,poniendo
bear,llevar
board,junta
grab,tomar
beer,cerveza
stuck,atascado
magic,magia
support,apoyo
rules,normas
grunts,gruñidos
partner,compañero
reach,alcanzar
wind,viento
colonel,coronel
max,máximo
immediately,inmediatamente
seconds,segundos
thousand,mil
gives,da
experience,experiencia
cheers,salud
victim,víctima
upon,al
computer,computadora
christ,Cristo
planet,planeta
promised,prometido
bus,autobús
henry,Enrique
dirty,sucio
search,búsqueda
staying,estancia
dreams,Sueños
arrest,arrestar
holding,tenencia
suddenly,de repente
usually,normalmente
lots,un montón
shoes,Zapatos
er,jerga
jump,salto
rid,librar
yo,yo
knock,golpear
owe,deber
harry,Harry
grow,crecer
worst,el peor
river,río
aunt,tía
patient,paciente
kitchen,cocina
fat,grasa
passed,pasó
m,metro
final,final
summer,el verano
bob,Beto
listening,escuchando
escape,Escapar
everywhere,En todas partes
moon,luna
arms,brazos
turns,vueltas
address,Dirección
ow,Ay
match,juego
gasps,jadeo
grand,grandioso
yep,sí
shh,shh
nervous,nervioso
de,Delaware
choose,elegir
themselves,ellos mismos
decide,decidir
mate,compañero
drinking,Bebiendo
press,prensa
bother,molestar
foot,pie
hadn,haden
blame,culpa
crap,tonterías
drugs,drogas
type,escribe
rings,anillos
mission,misión
named,nombrada
heaven,cielo
picked,escogido
paris,París
race,la raza
risk,riesgo
books,libros
further,más lejos
danny,danny
action,acción
allowed,permitió
orders,pedidos
learned,aprendió
price,precio
arrived,llegado
nick,mella
otherwise,de lo contrario
pictures,fotos
fit,adaptar
smoke,fumar
favor,favor
played,jugó
notice,aviso
awesome,increíble
smile,sonreír
director,director
guard,Guardia
begin,empezar
spot,lugar
surprised,sorprendido
innocent,inocente
narrator,narrador
herself,sí misma
london,Londres
feelings,sentimientos
enemy,enemigo
battle,batalla
ourselves,Nosotros mismos
alex,Alex
dollars,dólares
allow,permitir
nine,nueve
gay,gay
department,Departamento
guilty,culpable
apart,aparte
earlier,más temprano
duty,deber
jim,Jim
suit,traje
bell,campana
west,Oeste
legs,piernas
hero,héroe
destroy,destruir
stage,escenario
bunch,racimo
according,de acuerdo a
chicken,pollo
bigger,más grande
grunting,gruñido
low,bajo
helping,Ayudar
admit,admitir
closed,cerrado
names,nombramiento
witness,testigo
upstairs,piso superior
arm,brazo
steal,robar
jimmy,palanqueta
kick,patada
twice,dos veces
cross,cruz
ways,maneras
sergeant,sargento
indeed,Por supuesto
gas,gas
keeping,acuerdo
energy,energía
pregnant,embarazada
waste,desperdicio
helped,ayudó
fired,encendido
favorite,favorito
tony,Tony
taste,gusto
locked,encerrado
places,lugares
writing,escritura
adam,Adán
brothers,hermanos
starts,empieza
prince,Príncipe
form,forma
sold,vendido
silly,tonto
mention,mencion
build,construir
throat,garganta
hole,agujero
figured,figurado
track,pista
ringing,El sonar
lock,cerrar
leg,pierna
above,arriba
hiding,ocultación
steve,steve
seemed,pareció
breakfast,desayuno
engine,motor
written,escrito
complete,completo
video,video
applause,aplausos
however,sin embargo
pressure,presión
fresh,nuevo
weapon,arma
sky,cielo
stole,robó
study,estudiar
burn,quemar
reading,lectura
crowd,multitud
treat,tratar
roll,rodar
double,doble
spirit,espíritu
danger,peligro
cost,costo
empty,vacío
level,nivel
memory,memoria
itself,sí mismo
acting,interino
interest,interés
nose,nariz
plans,planes
following,siguiendo
bathroom,baño
built,construido
closer,cerca
ray,rayo
sarah,sarah
band,banda
groans,gemido
apparently,aparentemente
excited,entusiasmado
richard,Ricardo
losing,perdiendo
animals,animales
flight,vuelo
nature,naturaleza
raise,elevar
pop,estallido
client,cliente
bomb,bomba
neck,cuello
suspect,sospechar
warm,cálido
extra,extra
bottle,botella
van,camioneta
heavy,pesado
mommy,mamá
dogs,perros
wild,salvaje
ridiculous,ridículo
simply,simplemente
lee,sotavento
animal,animal
showed,mostró
billy,porra
shooting,tiroteo
keeps,guardia
camp,acampar
guns,pistolas
medical,médico
shame,verguenza
hoping,esperando
whom,quién
bird,pájaro
majesty,majestad
flowers,flores
famous,famoso
asleep,dormido
beauty,belleza
driver,conductor
keys,llaves
rain,lluvia
awful,horrible
large,largo
local,local
deserve,merecer
goddamn,maldito
stone,piedra
jane,jane
grace,gracia
consider,considerar
weekend,fin de semana
wondering,preguntarse
lay,poner
plenty,mucho
willing,deseoso
pants,pantalones
sweetheart,cariño
skin,piel
excellent,excelente
asshole,Estúpido
beach,playa
faith,fe
beg,mendigar
fuckin,jodido
responsible,responsable
military,militar
cheering,aplausos
opportunity,oportunidad
common,común
bottom,abajo
german,alemán
whoever,quien
cook,cocinero
walked,caminado
papers,documentos
justice,justicia
hall,salón
commander,comandante
drug,droga
main,principal
knife,cuchillo
devil,demonio
necessary,necesario
although,a pesar de que
princess,princesa
lights,luces
flying,volador
dick,polla
rose,rosa
knowing,conocimiento
clearly,claramente
hat,sombrero
agreed,acordado
johnny,Johnny
corner,esquina
code,código
note,Nota
tommy,tommy
due,adeudado
correct,correcto
apologize,disculparse
language,idioma
stars,estrellas
faster,más rápido
cars,coches
folks,amigos
bullshit,mierda
fellow,compañero
several,varios
grandma,abuela
shows,espectáculos
leader,líder
leaves,hojas
restaurant,restaurante
east,este
shouting,gritos
blind,ciego
ghost,fantasma
cup,taza
gotten,recogido
tight,apretado
conversation,conversación
tells,contado
lies,mentiras
nor,ni
pulled,tirado
hanging,colgando
speed,velocidad
stories,cuentos
health,salud
advice,consejo
held,retenida
uh-huh,UH Huh
murdered,asesinado
beyond,más allá de
rule,regla
hardly,difícilmente
possibly,posiblemente
inspector,inspector
cousin,primo
trial,prueba
emergency,emergencia
ought,debería
eddie,eddie
somehow,de alguna manera
hearing,audiencia
states,estados
account,cuenta
spoke,habló
file,expediente
understood,comprendido
angel,ángel
tape,cinta
milk,Leche
powerful,poderoso
weapons,arma
practice,práctica
manager,gerente
pardon,indulto
vote,votar
jake,jake
national,nacional
career,carrera profesional
minister,ministro
super,súper
taught,enseñó
robert,Robert
biggest,más grande
plays,obras de teatro
natural,natural
dancing,bailando
copy,Copiar
plus,más
martin,martín
cake,pastel
freedom,libertad
among,entre
breath,aliento
operation,operación
chris,Chris
crew,tripulación
challenge,desafío
market,mercado
meat,carne
towards,hacia
bringing,trayectoria
dropped,caído
student,alumno
lied,mintió
strength,fuerza
size,Talla
breathe,respirar
color,color
monster,monstruo
loud,alto
photo,foto
aw,aw
nearly,por poco
sight,visión
greatest,mejor
games,juegos
bridge,puente
dressed,vestido
arrested,detenido
horrible,horrible
coach,entrenador
planning,planificación
checked,comprobado
breaking,rotura
noticed,observó
fantastic,fantástico
screams,carcajadas
serve,atender
ideas,ideas
investigation,investigación
center,centro
older,más viejo
pack,paquete
soldiers,soldados
nonsense,disparates
doc,doc
project,proyecto
training,capacitación
example,ejemplo
trick,truco
prepared,preparado
science,Ciencias
united,unido
travel,viajar
incredible,increíble
grandpa,abuelo
paying,pago
character,personaje
teeth,dientes
criminal,delincuente
charles,Charles
chinese,chino
truly,realmente
honestly,honestamente
bro,hermano
survive,sobrevivir
bobby,poli
target,objetivo
feed,alimento
nurse,enfermera
e,mi
fake,FALSO
records,registros
breathing,respiración
sweetie,cariño
numbers,números
oil,aceite
suicide,suicidio
belong,pertenecer
whoo,whoo
perfectly,perfectamente
amy,Amy
forgotten,olvidado
remain,permanecer
original,original
papa,papá
onto,sobre
concerned,preocupado
credit,crédito
ugh,puaj
invited,invitado
discuss,conversar
research,investigar
easier,más fácil
view,vista
chair,silla
hurts,duele
strike,Huelga
roger,roger
fill,llenar
condition,condición
mountain,montaña
dr,dr.
nowhere,en ningún lugar
sheriff,alguacil
kim,Kim
turning,torneado
brown,marrón
recognize,reconocer
heads,cabezales
audience,audiencia
jealous,celoso
pretend,fingir
society,sociedad
finding,hallazgo
shirt,camisa
comfortable,cómodo
meaning,sentido
guest,invitado
pieces,piezas
dry,seco
letting,dejado
began,empezó
aye,sí
jeff,Jeff
female,femenino
release,liberar
ho,Ho
cards,tarjetas
pray,rezar
unfortunately,desafortunadamente
balls,pelotas
destroyed,destruido
ended,terminado
universe,universo
prepare,preparar
opinion,opinión
movies,películas
soldier,soldado
wash,lavar
program,programa
heat,calor
usual,habitual
ticket,boleto
stolen,robado
prefer,preferir
aware,consciente
surely,seguramente
male,masculino
base,base
matters,asuntos
lift,levantar
lab,laboratorio
command,dominio
proof,prueba
cream,crema
selling,venta
believed,creído
create,crear
h,H
afford,solventar
sunday,domingo
total,total
dumb,mudo
threw,tiró
france,Francia
birth,nacimiento
created,creado
realized,comprendió
british,británico
noise,ruido
nuts,nueces
students,estudiantes
birds,aves
social,social
brilliant,brillante
bodies,cuerpos
tie,Corbata
opened,abrió
ours,nuestro
bucks,bucle
kevin,Kevin
mister,señor
ugly,feo
ryan,ryan
focus,enfoque
dan,dan
opens,abertura
exist,existir
followed,seguido
england,Inglaterra
draw,dibujar
purpose,objetivo
letters,letras
daniel,Daniel
opening,apertura
bullet,bala
anna,Anna
lately,últimamente
stayed,permaneció
falling,descendente
season,temporada
ends,fines
suggest,sugerir
joy,alegría
distance,distancia
responsibility,responsabilidad
whenever,cuando sea
issue,tema
thousands,miles
process,proceso
sword,espada
shower,ducha
weak,débil
fucked,follado
lonely,solitaria
happiness,felicidad
eric,Eric
tiny,diminuto
desk,escritorio
pool,piscina
property,propiedad
forced,forzado
settle,asentarse
indistinct,indistinto
weight,peso
received,recibió
gang,pandilla
bite,morder
friday,viernes
disappeared,desaparecido
interview,entrevista
expecting,esperanza
kinda,un tanto
surgery,cirugía
horses,caballos
mayor,alcalde
babe,bebé
ancient,antiguo
handsome,guapo
thomas,Thomas
saturday,sábado
staff,personal
lines,líneas
unit,unidad
fan,admirador
gentleman,Caballero
introduce,introducir
fate,destino
split,separar
recently,recientemente
expected,esperado
add,agregar
ordered,ordenado
slowly,despacio
alarm,alarma
member,miembro
slept,dormido
signed,firmado
enter,ingresar
spanish,español
garden,jardín
brings,trayera
brave,Bravo
pig,cerdo
model,modelo
finger,dedo
medicine,medicamento
access,acceso
failed,ha fallado
flat,plano
easily,fácilmente
discovered,descubierto
based,establecido
screw,tornillo
insane,loco
cares,cuidados
weather,clima
fingers,dedos
san,san
scott,escocés
path,sendero
soft,suave
harm,dañar
style,estilo
community,comunidad
sees,visión
basically,básicamente
al,Alabama
signal,señal
nope,no
spare,repuesto
speech,discurso
covered,cubierto
shake,sacudir
loose,suelto
snow,nieve
russian,ruso
lake,lago
bright,brillante
roof,techo
ohh,oh
sending,enviando
paint,pintar
remind,recordar
pal,camarada
naked,desnudo
post,correo
sugar,azúcar
heading,Bóveda
streets,calles
damage,daño
silence,silencio
doors,puertas
pete,pete
ed,edición
success,éxito
wet,mojado
nah,na
amount,Monto
members,miembros
kate,Kate
manage,administrar
safety,la seguridad
returned,devuelto
harder,más difícil
fbi,FBI
block,bloquear
showing,demostración
fancy,lujoso
chef,cocinero
contract,contrato
dig,excavar
chest,cofre
good-bye,adiós
drinks,bebidas
dave,dave
buried,enterrado
brian,brio
trade,comercio
journey,viaje
stomach,estómago
changes,cambios
details,detalles
thoughts,pensamientos
divorce,divorcio
funeral,funeral
maria,maría
football,fútbol
reality,la realidad
theory,teoría
gosh,Dios mio
ruined,arruinado
gate,portón
william,William
spread,untado
outta,fuera
japanese,japonés
sudden,repentino
coat,Saco
sooner,cuanto antes
cheese,queso
larry,Larry
spring,primavera
page,página
ears,orejas
simon,Simón
castle,castillo
hidden,oculto
storm,tormenta
cos,costilla
personally,personalmente
artist,artista
hill,Cerro
exciting,emocionante
permission,permiso
jerry,alemán
expensive,caro
tickets,Entradas
forest,bosque
barely,apenas
eggs,huevos
goin,entra
regret,lamentar
lesson,lección
lover,amante
bread,pan de molde
andy,Andy
subject,tema
legal,legal
growing,creciente
ill,enfermo
jason,jasón
mood,estado animico
owner,dueño
caused,causado
beeping,pitido
points,puntos
dating,Fechado
loss,pérdida
secretary,secretario
revenge,venganza
santa,Papa Noel
likely,probable
rent,renta
connection,conexión
assistant,asistente
reasons,razones
yelling,Gritando
painting,cuadro
trees,árboles
doctors,doctores
rush,prisa
foreign,extranjero
rough,bruto
murderer,asesino
century,siglo
nights,noches
pair,par
runs,carreras
pocket,bolsillo
farm,granja
matt,mate
bike,bicicleta
obvious,obvio
ate,comió
grew,creció
professional,profesional
tim,Tim
goodness,bondad
parts,partes
alan,alan
university,Universidad
square,cuadrado
grandfather,abuelo
europe,Europa
genius,genio
cases,casos
ruin,ruina
winter,invierno
tongue,lengua
memories,recuerdos
da,cañón
buying,comprar
cancer,cáncer
clock,reloj
ocean,Oceano
dna,ADN
liar,mentiroso
tour,recorrido
thief,ladrón
bleep,emitir pitidos
lisa,lisa
rights,derechos
including,incluido
competition,competencia
smith,Herrero
planned,planificado
emily,Emily
boring,aburrido
victims,víctimas
mentioned,mencionado
bones,huesos
plant,planta
bless,bendecir
warning,advertencia
knocking,golpes
re,re
crash,choque
bedroom,dormitorio
lower,más bajo
silver,plata
groaning,gimiendo
madame,señora
defense,defensa
results,resultados
toilet,inodoro
event,evento
complicated,Complicado
shape,forma
priest,sacerdote
royal,real
cheap,barato
romantic,romántico
downstairs,abajo
invite,invitar
fortune,fortuna
tears,lágrimas
avoid,evitar
reached,alcanzó
higher,más alto
familiar,familiar
telephone,teléfono
burning,incendio
filled,lleno
kelly,Kelly
alice,Alicia
airport,aeropuerto
jobs,trabajos
grown,crecido
walter,Walter
rachel,Rachel
giant,gigante
insurance,seguro
woods,bosque
n,norte
scare,susto
pleased,encantado
period,período
political,político
player,jugador
stops,parada
secrets,misterios
laura,Laura
repeat,repetir
photos,fotos
finds,hallazgos
statement,declaración
suck,chupar
younger,más joven
china,China
humans,humanos
delicious,delicioso
particular,especial
proper,correcto
rome,Roma
belongs,pertenencia
attacked,atacado
bath,bañera
hired,contratado
site,sitio
knowledge,conocimiento
b,b
led,dirigió
guests,huéspedes
celebrate,celebrar
map,mapa
horn,bocina
eventually,finalmente
pity,lástima
powers,potestades
ashamed,avergonzado
assume,asumir
glasses,lentes
rise,elevar
fixed,fijado
request,solicitud
officers,oficiales
pounds,libras
data,datos
carefully,con cuidado
per,por
depends,depende
jury,jurado
waited,esperado
positive,positivo
attorney,abogado
direction,dirección
families,familias
doin,hacer
forces,efectivo
location,ubicación
walls,paredes
useless,inútil
grant,otorgar
saving,ahorro
speaks,habla
fought,luchado
meal,comida
deliver,entregar
answers,respuestas
changing,cambiando
temple,templo
scary,aterrador
millions,millones
offered,Ofrecido
regular,regular
carrying,que lleva
official,oficial
jacket,chaqueta
switch,cambiar
grave,tumba
chase,perseguir
role,role
odd,extraño
sexy,sexy
faces,caras
becomes,convertirse en
closes,cierre
badly,gravemente
tall,alto
confused,confundido
affair,asunto
television,televisión
shock,choque
raised,aumentó
panting,jadeo
pizza,pizza
image,imagen
clears,desplegable
golden,dorado
patients,pacientes
watched,Visto
committed,comprometido
sexual,sexual
suffer,sufrir
arthur,Arturo
wherever,lo que sea
plate,lámina
appear,Aparecer
chocolate,chocolate
clever,inteligente
hm,hm
mercy,misericordia
shots,disparos
lucy,Lucy
dealing,relación comercial
trap,trampa
charges,cargos
phil,Phil
bang,estallido
poison,veneno
butt,extremo
drove,condujo
yourselves,ustedes mismos
headed,con membrete
babies,bebés
yellow,amarillo
soup,sopa
mystery,misterio
picking,cosecha
sat,se sentó
wound,herida
traffic,tráfico
courage,coraje
hunt,caza
indian,indio
rat,rata
terms,términos
italian,italiano
emma,Emma
checking,comprobación
disease,enfermedad
managed,administrado
winner,ganador
council,Consejo
appointment,cita
monday,lunes
crack,grieta
threat,amenaza
jenny,jenny
physical,físico
nation,nación
source,fuente
chose,elegir
healthy,saludable
carl,carl
victory,victoria
rick,almiar
stood,permaneció
kicked,golpeado
annie,Annie
disgusting,desagradable
palace,palacio
below,abajo
shopping,compras
neighborhood,vecindario
march,marcha
lips,labios
midnight,doce de la noche
piss,orinar
advantage,ventaja
pure,puro
india,India
aside,aparte
jerk,imbécil
mail,correo
dawn,amanecer
effect,efecto
spell,deletrear
freak,fenómeno
wood,madera
screwed,atornillado
enemies,enemigos
gary,Gary
awake,despierto
chuckling,riéndose
vacation,vacaciones
violence,violencia
leo,León
grandmother,abuela
modern,moderno
luke,luque
firm,firma
prime,principal
heh,je
touched,tocado
talent,talento
whore,puta
piano,piano
license,licencia
cooking,Cocinando
honour,honor
concern,inquietud
moves,movimientos
available,disponible
factory,fábrica
gods,Dioses
value,valor
central,central
union,Unión
mirror,espejo
studio,estudio
media,medios de comunicación
taxi,taxi
dies,matrices
iron,planchar
hearts,corazones
desire,deseo
rob,robar
claire,Claire
fred,Fred
songs,canciones
monkey,mono
pride,orgullo
pills,píldoras
miracle,milagro
swim,nadar
burned,quemado
smells,olores
joking,bromas
christian,cristiano
bleeding,sangrado
hook,gancho
beating,golpeando
protection,proteccion
treatment,tratamiento
ear,oído
carter,carretero
metal,metal
disappear,desaparecer
grateful,agradecido
extremely,extremadamente
treasure,tesoro
rescue,rescate
capable,capaz
passing,paso
chatter,charla
result,resultado
suffering,sufrimiento
sisters,hermanas
laid,establecido
governor,gobernador
guards,guardia
louis,Louis
text,texto
literally,literalmente
remove,retirar
becoming,convirtiéndose
performance,actuación
stronger,más fuerte
rate,Velocidad
deeply,profundamente
scream,grito
desert,Desierto
vehicle,vehículo
illegal,ilegal
pulling,tracción
throwing,lanzamiento
josh,Josh
unbelievable,increíble
ted,ted
zero,cero
dean,decano
curious,curioso
sean,Sean
candy,dulce
bone,hueso
tied,atado
edge,borde
load,carga
susan,Susan
ahh,ah
mountains,montañas
boom,auge
former,anterior
holiday,fiesta
riding,montando
scoffs,burla
hundreds,cientos
motherfucker,hijo de puta
sue,demandar
bags,bolsas
stealing,robando
appears,aparecer
arrive,llegar
remains,restos
decent,decente
issues,problemas
tip,propina
fail,fallar
bride,novia
pissed,Molesto
penny,centavo
claim,reclamar
friendship,amistad
desperate,desesperado
flower,flor
dramatic,dramático
refuse,rechazar
solve,resolver
theme,tema
loving,cariñoso
properly,adecuadamente
dragon,continuar
mostly,principalmente
chuck,arrojar
directly,directamente
surface,superficie
FALSE,FALSO
cast,emitir
junior,júnior
hunting,caza
silent,silencioso
thou,tú
egg,huevo
germany,Alemania
punch,puñetazo
africa,África
woke,despertar
intelligence,inteligencia
borrow,tomar prestado
winning,victorioso
falls,caídas
popular,popular
escaped,escapado
witch,bruja
convinced,convencido
warn,advertir
announcer,locutor
champagne,champán
dust,polvo
kyle,kyle
someday,algún día
fallen,caído
stranger,extraño
presence,presencia
tear,lágrima
internet,Internet
monsieur,monsieur
therefore,por lo tanto
technology,tecnología
tires,neumáticos
toast,tostada
wise,sabio
clark,aclarar
americans,estadounidenses
notes,notas
smoking,de fumar
hank,madeja
ls,LS
april,abril
wolf,lobo
precious,precioso
rooms,habitaciones
coast,costa
treated,tratado
material,material
released,liberado
uniform,uniforme
hated,odiado
considered,consideró
rice,arroz
exchange,intercambio
steps,pasos
blake,beque
convince,convencer
beast,bestia
cow,vaca
files,archivos
signs,señales
drag,arrastrar
cab,taxi
hung,colgado
carried,transportado
ordinary,común
successful,exitoso
eve,víspera
mistakes,errores
houses,casas
chattering,charla
brains,sesos
japan,Japón
creature,criatura
fourth,cuatro
separate,separado
cleaning,limpieza
shift,cambio
exact,exacto
karen,karen
goal,meta
expert,experto
served,servido
direct,directo
score,puntaje
row,fila
marks,marcas
twenty,veinte
receive,recibir
series,serie
section,sección
pilot,piloto
jackson,Jackson
darkness,oscuridad
thy,tu
sale,rebaja
destiny,destino
cure,curar
spoken,hablado
armed,armado
rare,extraño
helen,helen
grade,calificación
juice,jugo
wide,amplio
tower,torre
solution,solución
schedule,calendario
explosion,explosión
wheel,rueda
cigarette,cigarrillo
julie,julie
fruit,Fruta
blew,sopló
victor,Víctor
talks,negociaciones
sacrifice,sacrificio
range,rango
button,botón
reports,informes
prisoner,prisionero
pie,tarta
effort,esfuerzo
youth,juventud
pot,maceta
eaten,comido
taylor,Taylor
knees,rodillas
garage,garaje
parking,estacionamiento
ambulance,ambulancia
staring,curioso
chances,posibilidades
circumstances,circunstancias
sin,pecado
gordon,Gordon
progress,Progreso
unusual,inusual
county,condado
stairs,escalera
campaign,Campaña
vision,visión
reporter,reportero
equipment,equipo
moments,momentos
joey,joey
mass,masa
alien,extraterrestre
trapped,atrapado
helps,ayuda
route,ruta
defend,defender
trace,rastro
nasty,asqueroso
tests,pruebas
magazine,revista
rocks,rocas
dump,vertedero
rude,brusco
searching,buscando
clue,clave
connected,conectado
amen,amén
pushed,empujado
merry,alegre
zone,zona
senior,sénior
closing,clausura
freeze,congelar
emperor,emperador
incident,incidente
snake,serpiente
mexico,México
lily,lirio
actor,actor
newspaper,periódico
sentence,frase
greg,gregón
leading,principal
friendly,amigable
jones,Jones
chosen,elegido
engaged,comprometido
julia,Julia
charming,encantador
mustn,mustn
anger,enfado
spending,gasto
learning,aprendizaje
spy,espiar
sharp,agudo
shadow,sombra
warrant,orden
elevator,ascensor
kingdom,Reino
ricky,ricky
jamie,jamie
squad,equipo
shoulder,hombro
wave,ola
amanda,Amanda
highness,Alteza
kinds,tipo
fishing,pescar
sometime,algún tiempo
attitude,actitud
sucks,apesta
negative,negativo
screen,pantalla
workers,trabajadores
bored,aburrido
cameras,cámaras
similar,similar
understanding,comprensión
beeps,pitidos
chain,cadena
bull,toro
gasping,jadeo
fully,completamente
robin,Robin
collect,recoger
gorgeous,precioso
morgan,morgan
passion,pasión
writer,escritor
empire,imperio
international,internacional
curse,maldición
hire,contratar
bastards,bastardos
puts,pone
leads,Guías
id,identificación
blows,golpes
sons,hijos
estate,bienes
customers,clientes
maggie,maggie
gunshot,cañonazo
i-,i-
device,dispositivo
troops,tropas
hug,abrazo
design,diseño
movement,movimienot
thunder,trueno
object,objeto
loser,perdedor
pen,lápiz
sobbing,sollozo
politics,política
despite,A pesar de
alcohol,alcohol
climb,subida
clients,clientela
conference,conferencia
provide,proveer
marty,marty
seek,buscar
witnesses,testigos
earn,ganar
trash,basura
valley,Valle
fashion,Moda
howard,Howard
episode,episodio
prize,premio
previously,previamente
sports,Deportes
wanting,falto
debt,deuda
wishes,deseos
hitler,hitler
wire,cable
thee,El e
circle,circulo
approach,Acercarse
stock,Valores
facts,hechos
remembered,recordado
percent,por ciento
normally,normalmente
tail,cola
joined,unido
education,educación
bravo,Bravo
library,biblioteca
rape,violación
wings,alas
growling,gruñido
thrown,lanzado
tank,tanque
exhales,exhalos
authority,autoridad
current,Actual
failure,falla
nightmare,pesadilla
hitting,golpe
glory,gloria
knocked,golpeado
studying,estudiando
barry,Barry
agency,agencia
apple,manzana
border,borde
rope,soga
duck,pato
reputation,reputación
confidence,confianza
yard,yarda
beloved,amado
lack,falta
actual,actual
skills,habilidades
films,Película (s
mental,mental
salt,sal
flesh,carne
anne,Ana
secure,seguro
highly,altamente
federal,federal
sand,arena
emotional,emocional
setting,ajuste
nothin,nada
senator,senador
services,servicios
robbery,robo
hates,odios
fed,alimentados
reward,premio
theater,teatro
johnson,Johnson
commit,comprometerse
patrick,Patricio
entirely,enteramente
extraordinary,extraordinario
ships,buques
opposite,opuesto
parties,fiestas
stands,stands
terry,Terry
chat,charlar
events,eventos
mummy,momia
bay,bahía
slip,deslizar
disappointed,decepcionado
settled,establecido
begins,comienza
andrew,Andrés
alert,alerta
detail,detalle
pink,rosado
fellas,muchachos
accepted,aceptado
background,antecedentes
garbage,basura
panic,pánico
minds,mentes
belt,cinturón
blowing,soplo
hollywood,Hollywood
agreement,convenio
jackie,jackie
pushing,emprendedor
ability,capacidad
tiger,Tigre
whispering,susurro
culture,cultura
saint,Smo
jesse,jesse
task,tarea
solid,sólido
doll,muñeca
intend,pretender
district,distrito
pa,Pensilvania
gee,Caramba
custody,custodia
ignore,pasar por alto
naturally,naturalmente
useful,útil
attempt,intentar
abandoned,abandonado
cutting,corte
kissed,besado
guarantee,garantizar
barking,ladrido
gather,recolectar
policy,política
violent,violento
maid,criada
embarrassing,embarazoso
childhood,infancia
wasting,debilitante
bow,arco
chick,polluelo
sara,Sara
disaster,desastre
revolution,revolución
online,en línea
f,F
demon,demonio
heavily,fuertemente
coincidence,coincidencia
perform,llevar a cabo
thin,delgada
terrific,fantástico
mac,Mac
crown,corona
identity,identidad
virgin,virgen
impressive,impresionante
windows,Windows
no-one,nadie
potential,potencial
guitar,guitarra
committee,comité
dozen,docena
delivery,entrega
advance,ventaja
quietly,en silencio
stan,stan
teaching,enseñando
hunter,cazador
latest,más reciente
hurting,dolido
swing,ritmo
capital,capital
counting,contando
drew,dibujó
dirt,suciedad
whistle,silbar
marie,marie
hits,golpes
doug,doug
deny,negar
urgent,urgente
threatened,amenazado
behavior,comportamiento
molly,muchacha
mixed,mezclado
stays,corsé
assure,asegurar
subtitles,subtítulos
explanation,explicación
wins,victorias
unique,único
chasing,persiguiendo
billion,mil millones
duke,duque
production,producción
slave,esclavo
agents,agentes
carol,villancico
lets,levia
cruel,cruel
mask,mascarilla
sally,salida
behave,comportarse
bury,enterrar
massive,masivo
pathetic,patético
species,especies
approaching,que se acerca
jo,Jo
loan,préstamo
struggle,dificil
dish,plato
trusted,de confianza
jumped,saltó
firing,disparo
channel,canal
abby,abby
stopping,parada
asks,solicita
jean,vaquero
swimming,natación
daily,diariamente
basement,sótano
linda,linda
quarter,cuarto
erm,erm
bound,vinculado
navy,Armada
article,artículo
guide,guía
accused,acusado
transfer,transferir
guts,vísceras
quality,calidad
fella,tipo
roman,romano
greater,mayor que
damned,maldito
couch,sofá
cheer,alegría
vegas,Vegas
shoe,zapato
title,título
shy,tímido
punishment,castigo
los,Loss
clicks,clics
closet,armario
bye-bye,adiós
fever,fiebre
coward,cobarde
flash,destello
impressed,impresionado
bruce,bruce
siren,sirena
prisoners,prisioneros
sides,lado
bowl,cuenco
katie,katie
supply,suministro
sensitive,sensible
hopefully,Ojalá
rolling,laminación
roy,roy
dollar,dólar
tone,tono
voices,voces
g,gramo
cheating,infiel
confess,confesar
demand,pedir
museum,museo
unknown,desconocido
drama,drama
suspicious,sospechoso
adult,adulto
todd,Todd
frightened,atemorizado
warned,prevenido
steady,firme
kills,matar
crossed,cruzado
lou,Lou
particularly,particularmente
sandwich,emparedado
laws,leyes
joint,articulación
bullets,balas
package,paquete
trained,entrenado
thursday,jueves
boots,botas
possibility,posibilidad
albert,Albert
civil,civil
june,junio
germans,alemanes
baseball,béisbol
express,Rápido
miserable,miserable
tuesday,martes
parker,parker
lion,león
joseph,Joseph
refused,rechazado
shine,brillar
assault,agresión
hong,hong
jokes,bromas
breaks,brote
argue,discutir
you-,tú-
trail,sendero
option,opción
recall,recuerdo
mighty,poderoso
collection,recopilación
oliver,Oliver
wilson,Wilson
accent,acento
believes,cree
decisions,decisión
embarrassed,avergonzado
mobile,móvil
customer,cliente
terribly,terriblemente
sec,segundo
charity,caridad
considering,considerando
pussy,coño
donna,donna
protecting,proteger
flag,bandera
kidnapped,secuestrado
italy,Italia
balance,balance
creatures,criaturas
nuclear,nuclear
wallet,cartera
shout,grito
vincent,vicente
entered,ingresó
impression,impresión
angela,Angela
jay,arrendajo
degrees,grados
favour,favor
reaction,reacción
network,la red
jessica,Jessica
version,versión
concert,concierto
gear,engranaje
singer,cantante
diamond,diamante
defeat,vencer
steven,Steven
lane,carril
blast,explosión
wounded,herido
anytime,cualquier momento
partners,socios
ages,siglos
charlotte,Charlotte
ceremony,ceremonia
league,liga
bars,barras
orange,naranja
specific,específico
conditions,condiciones
plastic,el plastico
crisis,crisis
fifth,quinto
term,término
self,uno mismo
offering,ofrecimiento
bud,brote
suffered,sufrido
reported,reportado
commissioner,notario
rip,rotura
mysterious,misterioso
entrance,entrada
messed,desordenado
tunnel,túnel
designed,diseñado
neighbor,Vecino
aboard,a bordo
sweat,sudor
justin,Justin
ghosts,fantasmas
crimes,crímenes
costs,costo
deserves,merece
dreaming,soñador
bust,busto
el,El
teddy,osito de peluche
kong,kong
messages,mensajes
enjoying,disfrutando
afterwards,después
comfort,comodidad
mason,masón
surrender,Rendición
gym,gimnasia
kitty,gatito
crush,Persona especial
yup,sí
arranged,organizado
suits,trajes
pee,pipí
stress,estrés
cave,cueva
wing,ala
jordan,Jordán
arrange,arreglar
comrade,camarada
noble,noble
tricks,trucos
betty,betty
launch,lanzar
legend,leyenda
mix,mezcla
golf,golf
imagination,imaginación
fox,zorro
kissing,besos
butter,manteca
tax,impuesto
gross,bruto
edward,Eduardo
texas,Texas
insist,insistir
marcus,marco
classic,clásico
selfish,egoísta
skull,cráneo
frankie,Frankie
shown,mostrado
bat,murciélago
survived,sobrevivió
print,impresión
champion,campeón
bills,facturas
therapy,terapia
lifetime,toda la vida
throughout,a lo largo de
nathan,Nathan
toward,hacia
sauce,salsa
experiment,experimento
margaret,margarita
describe,describir
ross,Ross
grass,césped
cheat,hacer trampa
attend,asistir
homework,tareas para el hogar
lewis,Luis
betrayed,traicionado
servant,servidor
cap,gorra
tyler,tyler
bible,Biblia
practically,prácticamente
catherine,Catherine
steel,acero
wipe,pasar un trapo
burns,quemaduras
j,j
generation,generación
cabin,cabina
financial,financiero
industry,industria
bond,vínculo
sheep,oveja
scientists,científicos
beaten,vencido
heck,infierno
deck,plataforma
fans,aficionados
script,guion
brand,marca
degree,la licenciatura
painful,doloroso
coughing,tos
religion,religión
cats,gatos
stephen,Stephen
influence,influencia
fuel,combustible
drawing,dibujo
uh-oh,UH oh
rabbit,Conejo
exercise,ejercicio
attractive,atractivo
touching,conmovedor
virus,virus
realise,darse cuenta
torture,tortura
blessed,bendecido
plain,sencillo
rebecca,Rebecca
recent,reciente
barbara,Bárbara
footsteps,pasos
sacred,sagrado
removed,remoto
pretending,fingido
wasted,desperdiciado
jewish,judío
goodnight,buenas noches
robot,robot
crystal,cristal
confirm,confirmar
lad,muchacho
mile,milla
division,división
scratch,rascar
reminds,recuerda
walks,camina
ending,finalizando
russia,Rusia
contest,concurso
valuable,valioso
distant,distante
dumped,arrojado
motion,movimiento
electricity,electricidad
centre,centro
murders,asesinatos
tina,Tina
seal,sello
standard,estándar
ellen,Ellen
wore,vistió
surrounded,rodeado
struck,golpeado
inform,informar
gentle,amable
status,estado
purse,cartera
prints,huellas dactilares
players,jugadores
charged,cargado
begging,mendicidad
delivered,entregado
kenny,Kenny
buck,dólar
nina,Nina
construction,construcción
confirmed,confirmado
confession,confesión
trigger,generar
cells,células
frankly,francamente
ali,ali
exit,salida
response,respuesta
cancel,cancelar
argument,argumento
principal,principal
turkey,Turquía
lucas,Lucas
clinic,clínica
greetings,saludos
neighbors,vecinos
vice,vicio
toy,juguete
hannah,Hannah
everyday,todos los días
generous,generoso
gain,ganar
idiots,idiotas
holly,acebo
enjoyed,disfruté
jungle,selva
link,Enlace
underground,bajo tierra
smiling,sonriente
mistress,amante
teams,equipos
product,producto
beef,carne de res
whispers,susurros
religious,religioso
presents,regalos
identify,identificar
chip,chip
chffffff,chffffff
surveillance,vigilancia
carlos,carlos
vampire,vampiro
routine,rutina
uses,usos
michelle,Michelle
underneath,debajo
systems,sistemas
temperature,la temperatura
waves,ondas
tribe,tribu
brad,puntilla
deputy,diputado
sophie,Sophie
headquarters,sede
equal,igual
phones,Los telefonos
ken,conocido
reckon,contar
related,relacionado
incredibly,increíblemente
chill,enfriar
spit,escupir
tracks,pistas
oscar,Oscar
makeup,maquillaje
bug,insecto
sounded,sonado
spirits,espíritu
nerve,nervio
divorced,divorciado
stake,apostar
port,Puerto
doorbell,timbre de la puerta
worries,preocupaciones
nephew,sobrino
miller,molinero
units,unidades
just-,sólo-
proceed,Continuar
landing,aterrizaje
traitor,traidor
outfit,vestimenta
chloe,chloe
bail,fianza
fields,campos
patience,paciencia
recording,grabación
foolish,necio
loaded,cargado
tokyo,Tokio
davis,Davis
costume,disfraz
wayne,Wayne
injured,herido
somethin,algo
ian,Ian
pet,mascota
cage,jaula
digging,excavación
spain,España
seats,asientos
awkward,incómodo
cleaned,limpio
pattern,patrón
filthy,sucio
visiting,visitando
jews,judíos
answering,respuesta
concentrate,concentrarse
someplace,en algún lugar
citizens,los ciudadanos
aim,apuntar
nancy,Nancy
affairs,asuntos
thick,grueso
sport,deporte
basic,básico
electric,eléctrico
pleasant,agradable
cliff,acantilado
nail,uña
russell,Russell
environment,ambiente
western,occidental
average,promedio
ease,facilitar
raped,violado
interrupt,interrumpir
judy,Judy
satisfied,satisfecho
beep,bip
starving,morirse de hambre
documents,documentos
anniversary,aniversario
beth,beth
election,elección
warrior,guerrero
r,riñonal
forth,adelante
fetch,buscar
banks,bancos
placed,metido
timing,momento
stones,piedras
complex,complejo
frozen,congelado
replace,reemplazar
prayer,oración
skip,saltar
angeles,Ángeles
guilt,culpa
tune,melodía
woo,cortejar
actions,comportamiento
conscience,conciencia
officially,oficialmente
martha,Martha
machines,máquinas
smaller,menor
determined,determinado
blown,estropeado
hail,Viva
unhappy,infeliz
booth,puesto
pour,verter
berlin,Berlina
cleared,despejado
packed,lleno
wrap,envolver
randy,cachondo
behalf,beneficio
reasonable,razonable
trunk,tronco
homes,casas
festival,festival
tradition,tradicion
cigarettes,cigarrillos
le,lealté
beside,junto a
harvey,harvey
motive,motivo
beings,seres
bishop,obispo
dealer,distribuidor
defendant,acusado
backup,respaldo
wounds,heridas
ouch,Ay
ann,Ana
nearby,cercano
drank,bebió
effects,efectos
jonathan,Jonathan
dennis,Dennis
benefit,beneficio
adventure,aventura
p,pags
territory,territorio
ve,ver
apology,disculpa
dylan,dylan
unlike,diferente a
owns,posee
boxes,cajas
thus,de este modo
clay,arcilla
developed,desarrollado
busted,Arrestado
pipe,tubo
gray,gris
goods,bienes
favourite,favorito
salad,ensalada
loyal,leal
atmosphere,atmósfera
eva,Eva
freaking,maldito
dropping,goteante
strangers,extraños
mouse,ratón
downtown,centro
francisco,Francisco
heroes,héroes
pit,fosa
rotten,podrido
paradise,paraíso
meantime,mientras tanto
jess,cadena
organization,organización
hills,sierras
exam,examen
cock,polla
fairy,hada
earl,conde
comment,comentario
activity,actividad
frame,cuadro
knight,caballero
testing,pruebas
habit,hábito
shelter,refugio
flow,caudal
jennifer,Jennifer
holes,agujeros
prevent,prevenir
anthony,Antonio
lend,prestar
cooper,cobre
figures,cifras
boston,bostón
sample,muestra
strip,banda
landed,aterrizado
buzzing,zumbido
monk,monje
slightly,levemente
produce,producir
annoying,irritante
judgment,juicio
laundry,ropa sucia
ron,ron
lousy,malísimo
souls,almas
existence,existencia
belly,vientre
tries,intentos
foster,alentar
returning,que regresa
answered,contestada
ward,pabellón
plants,plantas
actress,Actriz
chairman,presidente
individual,individual
hopes,esperanzas
tattoo,tatuaje
fence,valla
sink,pileta
punk,punk
confident,confidente
yay,Hurra
mistaken,equivocado
limit,límite
bothering,molesto
st,S t
uncomfortable,incómodo
wednesday,miércoles
gifts,regalos
policeman,policía
na,n / A
precisely,precisamente
lawyers,abogados
greek,griego
merely,meramente
criminals,criminales
underwear,ropa interior
hoped,esperado
earned,ganado
reveal,revelar
appeared,apareció
derek,Derek
heavens,Cielos
personality,personalidad
batman,hombre murciélago
virginia,Virginia
wives,esposas
colour,color
worker,trabajador
pope,papa
instructions,instrucciones
intelligent,inteligente
worrying,preocupante
vince,vince
comin,llegar
cried,llorado
traveling,de viaje
bells,campanas
x,X
impact,impacto
robbed,robado
relief,alivio
host,anfitrión
footage,imágenes
odds,posibilidades
patrol,patrulla
circus,circo
mud,lodo
captured,capturado
lessons,lecciones
occasion,ocasión
sets,sets
pulse,legumbres
ad,anuncio
invented,inventado
diamonds,diamantes
matthew,Mateo
auntie,tía
cloud,nube
francis,Francis
angels,ángeles
hers,suyo
classes,clases
mm-hm,mm-hm
signature,firma
complain,quejarse
blah,paja
monitor,monitor
options,opción
claims,reclamación (es
flies,moscas
pat,palmadita
britain,Bretaña
hid,escondido
wailing,gemidos
listened,escuchado
countries,países
vic,vic
yell,gritar
rats,ratas
wondered,maravilloso
smooth,suave
resist,resistir
companies,compañías
fantasy,fantasía
passport,pasaporte
pitch,tono
hammer,martillo
homicide,homicidio
casey,Casey
holds,agujeros
flew,voló
jacob,jacob
noon,mediodía
helicopter,helicóptero
dishes,platos
spin,girar
charm,encanto
slap,bofetada
apply,aplicar
fools,tontos
screeching,chillido
discover,descubrir
previous,anterior
kit,equipo
authorities,autoridades
moaning,gemido
photograph,fotografía
sales,Ventas
fifty,cincuenta
mickey,mickey
beneath,debajo
farewell,despedida
clouds,nubes
slipped,resbalado
represent,representar
deaf,sordo
facing,frente a
offense,ofensa
citizen,ciudadano
clown,payaso
snap,siesta
messing,desordenado
hood,capucha
twelve,doce
interests,intereses
cheated,engañado
liz,liz
informed,informado
humanity,humanidad
producer,productor
technically,técnicamente
accounts,cuentas
extreme,extremo
gettin,Gettin
cia,CIA
ii,II
pays,paga
profile,perfil
oxygen,oxígeno
jeez,brusco
gene,gene
shed,cobertizo
minor,menor
ex,ex
theatre,teatro
scientific,científico
lovers,amantes
chaos,caos
rocket,cohete
math,Matemáticas
stubborn,testarudo
august,agosto
oi,oi
chips,papas fritas
intense,intenso
grey,gris
talkin,hablar
terrorist,terrorista
angle,ángulo
invitation,invitación
gus,gus
gambling,juego
respond,responder
thirty,treinta
procedure,procedimiento
absolute,absoluto
investigate,investigar
tragedy,tragedia
stable,estable
session,sesión
capture,captura
marrying,casarse
ripped,rasgado
attacks,ataques
stretch,tramo
bush,arbusto
dates,fechas
unable,incapaz
gates,puertas
mars,Marte
artists,artistas
increase,aumentar
tastes,sabores
cared,atendido
bottles,botellas
highest,el más alto
whirring,zumbido
meanwhile,Entretanto
nate,nate
grabbed,agarrado
pigs,cerdo
chop,cortar
olivia,Olivia
wheels,ruedas
shocked,conmocionado
reverend,reverendo
commercial,comercial
escort,escolta
engagement,compromiso
corpse,cadáver
louise,lúcido
worthy,valioso
scale,escala
beats,ritmo
williams,Williams
threatening,amenazante
exists,existe
academy,academia
acts,hechos
hop,saltar
judges,jueces
furniture,muebles
shared,compartido
ralph,ralph
consequences,consecuencias
engineer,ingeniero
schools,escuelas
softly,suavemente
bombs,bombas
caroline,carolino
shark,tiburón
transport,transporte
population,población
succeed,triunfar
creepy,Siniestro
sneak,furtivo
studies,estudios
destruction,destrucción
keith,Keith
protected,protegido
monsters,monstruos
joining,unión
punished,castigado
lightning,relámpago
malcolm,malcolm
shell,caparazón
fascinating,fascinante
chamber,cámara
ethan,Ethan
romance,romance
instance,instancia
jumping,salto
groups,grupos
exhausted,exhausto
testify,testificar
studied,estudió
walker,caminante
pin,alfiler
imagined,imaginado
drill,taladro
investigating,investigador
ye,S.M
experienced,experimentado
elena,Elena
necklace,collar
loyalty,lealtad
junk,basura
cole,col
cries,llantos
stanley,stanley
rita,rita
southern,meridional
blocks,bloques
emotions,emociones
begun,comenzar
maya,maya
liver,hígado
serving,servicio
matches,partidos
surgeon,cirujano
granted,otorgada
jazz,jazz
july,mes de julio
supplies,suministros
deeper,Más adentro
typical,típico
kicking,patada
obey,obedecer
dancer,bailarín
remote,remoto
daughters,hijas
moron,imbécil
latin,latín
teachers,maestros
toby,toby
sandy,arenoso
dragged,arrastrado
strategy,estrategia
parent,padre
jin,jin
album,álbum
compared,comparado
rubbish,basura
helpful,útil
powder,polvo
sync,sincronización
bum,culo
passes,pases
joan,Joan
fort,fuerte
choices,opción
alley,callejón
supper,cena
penis,pene
alibi,coartada
sammy,sammy
pole,polo
coke,Coca
scientist,científico
fighter,combatiente
highway,carretera
blade,espada
alpha,alfa
diet,dieta
liquor,espíritu
jet,chorro
widow,viuda
liberty,libertad
philip,Filipes
moral,moral
carrie,Carrie
award,otorgar
grief,dolor
thirsty,sediento
ashley,ashley
random,aleatorio
suspects,sospechosos
intention,intención
julian,Julian
active,activo
tools,instrumentos
driven,impulsado
trauma,trauma
headache,dolor de cabeza
safely,sin peligro
alexander,Alejandro
knee,rodilla
lads,chicas
novel,novela
conversations,conversaciones
waters,aguas
lookin,pase a ver
invisible,invisible
internal,interno
peaceful,pacífico
humming,zumbador
washed,lavado
drives,impulsos
talented,talentoso
li,li
aid,ayuda
elephant,elefante
troubles,nubes
core,centro
serial,de serie
painted,pintado
divine,divino
jam,mermelada
goat,cabra
opera,ópera
thieves,ladrones
guessing,adivinación
objection,objeción
whiskey,whisky
florida,Florida
resistance,resistencia
dressing,vendaje
attached,adjunto
aaron,Aaron
brief,breve
punish,castigar
eternal,eterno
lois,ruina
required,requerido
victoria,victoria
fabulous,fabuloso
twins,mellizos
characters,caracteres
cooked,cocido
ln,ln
ruth,piedad
dreamed,soñado
arts,letras
naughty,travieso
stabbed,apuñalado
tend,tender
diane,diane
tap,tocar
soap,jabón
locker,armario
development,desarrollo
images,imágenes
prick,pinchazo
global,global
string,cuerda
bitter,amargo
sharing,intercambio
corn,maíz
craig,craig
fits,encaja
tent,tienda
forms,formularios
votes,votos
harold,Harold
propose,proponer
monica,Mónica
constantly,constantemente
granny,abuelita
nicely,bien
nerves,nervios
arguing,discutiendo
abuse,abuso
relatives,parientes
survival,supervivencia
gloves,guantes
tracking,seguimiento
zoe,zoe
u,u
bend,curva
review,revisión
connect,conectar
separated,apartado
elder,mayor
beard,barba
admiral,almirante
diana,Diana
salary,salario
areas,áreas
disturb,alterar
pro,Pro
maintain,mantener
solved,resuelto
wealth,riqueza
bitches,perras
possession,posesión
sang,cantó
gimme,dar a luz
plates,platos
shoulders,espalda
burnt,quemado
recorded,grabado
upper,superior
counts,cuenta
tale,cuento
profit,lucro
colleague,colega
warehouse,depósito
hostage,rehén
shore,costa
porn,pornografía
miami,Miami
fifteen,quince
visitors,visitantes
bo,bo
net,red
insult,insulto
owen,Owen
cities,ciudades
causing,causa
lemon,limón
heal,sanar
banging,golpe
honeymoon,Luna de miel
appeal,apelación
marshall,marshall
critical,crítico
creating,creación
scotland,Escocia
crane,grua
enormous,enorme
testimony,testimonio
praise,elogio
fights,peleas
indians,indios
commission,comisión
growls,gruñidos
nicole,nicole
sins,pecados
fraud,fraude
branch,rama
happily,felizmente
bout,combate
covering,cubierta
occurred,ocurrió
beans,frijoles
raw,crudo
muscle,músculo
pages,páginas
tense,tiempo
relationships,relaciones
management,administración
assignment,asignación
blonde,rubio
catching,atrapando
exposed,expuesto
canada,Canadá
dont,no
han,Han
von,von
comedy,comedia
marco,marco
stroke,carrera
whistling,silbido
buildings,edificios
shaking,sacudida
facility,instalaciones
appropriate,adecuado
remarkable,Notable
transferred,transferido
drawn,dibujado
tits,tetas
clicking,clic
symbol,símbolo
motor,motor
employees,empleados
ambassador,embajador
mothers,madres
pile,montón
feeding,alimentación
soda,soda
checks,cheques
bears,osos
cookies,galletas
slut,puta
awfully,muy
stepped,escalonado
toys,juguetes
levels,nivel
differently,diferentemente
magnificent,magnífico
steak,filete
tube,tubo
leaders,líder
superior,superior
herr,cria
pan,sartén
expression,expresión
currently,corrientemente
throne,trono
deadly,mortal
bee,abeja
tooth,diente
depressed,deprimido
potatoes,patatas
wicked,malvado
resources,recursos
native,nativo
centuries,siglos
karl,karl
poetry,poesía
multiple,múltiple
cable,cable
shortly,dentro de poco
buzz,zumbido
socks,medias
fingerprints,huellas digitales
goddess,diosa
chin,barbilla
anxious,ansioso
september,septiembre
colors,colores
basketball,baloncesto
promises,promesas
explained,explicado
appearance,apariencia
musical,musical
sends,envío
slide,deslizar
aii,aii
shawn,shawn
ultimate,último
pork,Cerdo
communication,comunicación
payment,pago
structure,estructura
paperwork,papeleo
obsessed,obsesionado
lazy,perezoso
russians,rusos
actors,actores
squeeze,estrujar
magical,mágico
colleagues,colegas
admire,admirar
madness,Locura
roads,carreteras
entry,entrada
injury,lesión
burden,carga
racing,carreras
manner,manera
freezing,congelación
bits,brocas
norman,normando
mount,montar
battery,batería
dessert,postre
pound,libra
visited,visitado
motel,motel
rumbling,rumor
cinema,cine
fond,aficionado
halfway,Medio camino
rifle,rifle
reception,recepción
statue,estatua
fridge,nevera
brick,ladrillo
abandon,abandonar
lap,vuelta
natalie,natalie
wars,guerras
recommend,recomendar
brush,cepillo
nelson,Nelson
pill,píldora
concept,concepto
w,w
delay,demora
quarters,cuarteles
korea,Corea
janet,Janet
rub,frotar
mall,centro comercial
soil,suelo
complaint,queja
sail,navegar
baker,panadero
coughs,tos
bucket,balde
description,descripción
badge,Insignia
measure,medida
hip,cadera
function,función
indistinctly,indistintamente
harris,Harris
foundation,Fundación
labor,mano de obra
willie,Willie
waiter,mozo
homeless,Vagabundo
proved,demostrado
unfortunate,desgraciado
log,Iniciar sesión
meetings,reuniones
giggles,risita
combat,combate
poem,poema
polish,polaco
handed,entregó
mia,desaparecido en combate
weed,hierba
raymond,raymond
tons,montones
satellite,satélite
jersey,jersey
eagle,águila
privacy,privacidad
chapter,capítulo
treating,tratando
wisdom,sabiduría
flip,dar la vuelta
entering,entretenimiento
barn,granero
farmer,granjero
clan,clan
budget,presupuesto
pub,pub
temporary,temporario
effective,eficaz
sonny,hijo
wendy,wendy
juan,juan
lamb,cordero
plot,gráfico
riley,riley
proposal,propuesta
sticks,palos
searched,buscado
blessing,bendición
rage,rabia
bothered,perturbado
sydney,Sydney
basis,base
manners,modales
recover,recuperar
twist,giro
neil,neil
leak,filtración
item,artículo
catholic,católico
sighing,suspiro
retired,jubilado
kings,reyes
inner,interno
cents,centavos
affect,afectar
forbidden,prohibido
patch,parche
drops,gotas
necessarily,necesariamente
provided,previsto
meters,medidores
booked,reservado
returns,devoluciones
gloria,gloria
fires,incendios
humor,humor
torn,Rasgado
e-mail,Email
rocky,rocoso
introduced,introducido
creative,creativo
betray,traicionar
soviet,Soviético
various,varios
added,adicional
discovery,descubrimiento
cowboy,vaquero
suspected,sospechoso
suggested,sugirió
delighted,contento
sticking,pega
dive,bucear
shane,shane
radar,Radar
prosecutor,fiscal
amber,ámbar
vast,enorme
quinn,quinn
owned,propietario
cookie,Galleta
finest,mejor
felix,Felix
pump,bomba
valentine,enamorado
counter,encimera
sorts,ordena
coin,moneda
warren,madriguera
slaves,esclavos
marine,marina
illness,enfermedad
sack,bolsa
bid,licitación
require,requerir
moscow,Moscú
largest,más grande
washing,Lavado
achieve,lograr
causes,causas
k,k
mo,mes
dope,marihuana
nest,nido
palm,palmera
logan,Logan
constant,constante
boo,abucheo
medication,medicamento
gravity,gravedad
booze,bebida alcohólica
noah,Noé
evan,Evan
abroad,extranjero
christine,Christine
rising,creciente
analysis,análisis
cuts,cortes
eats,come
employee,empleado
vodka,vodka
damaged,dañado
solar,solar
height,altura
pops,establo
yards,yardas
terrified,aterrorizado
suitcase,maleta
chemical,químico
preparing,preparando
advanced,avanzado
fund,fondo
wears,usos
chirping,chirrido
web,web
phase,fase
prom,paseo
suggesting,sugerencia
fleet,flota
lame,aburrido
irish,irlandesa
editor,editor
october,octubre
assumed,ficticio
whip,látigo
mel,Mel
region,región
amongst,entre
temper,temperamento
discussion,discusión
engines,motores
operate,funcionar
sunshine,Brillo Solar
acted,actuado
undercover,clandestino
horror,horror
tested,probado
smash,aplastar
contrary,contrario
roses,rosas
poker,póker
wrapped,envuelto
korean,coreano
graham,graham
mi,mi
fu,fuil
ivan,Iván
focused,concentrado
liam,Liam
tragic,trágico
carla,carla
demons,demonios
rounds,rondas
entertainment,entretenimiento
gathered,reunido
uhh,uhh
yells,gritos
lincoln,Lincoln
crossing,cruce
blanket,cobija
nut,nuez
travis,travis
pockets,bolsillos
limited,limitado
paintings,pinturas
sober,sobrio
caesar,César
sis,hermana
intended,destinado
niece,sobrina
computers,ordenadores
tennis,tenis
needle,aguja
chicks,chicas
traditional,tradicional
delicate,delicado
independent,independiente
leslie,Leslie
lauren,Lauren
grandson,nieto
repair,reparar
brandon,brandon
executive,ejecutivo
colin,colin
recognized,Reconocido
holmes,Holmes
regarding,con respecto a
weakness,debilidad
aliens,extraterrestres
gunshots,balazos
european,europeo
method,método
tool,herramienta
demands,demandas
permit,permiso
towel,toalla
daisy,margarita
nowadays,hoy en día
spider,araña
northern,del Norte
rangers,guardabosques
zoo,zoo
praying,Orando
antonio,Antonio
passengers,pasajeros
con,estafa
australia,Australia
technique,técnica
cellphone,Teléfono móvil
gently,suavemente
operations,operaciones
planes,aviones
bunny,conejito
gunfire,tiroteo
shining,brillante
backwards,hacia atrás
skill,habilidad
uh-,oh-
baron,barón
kidnapping,secuestro
iike,iike
marshal,mariscal
petty,insignificante
sealed,sellado
massage,masaje
raising,levantamiento
menu,menú
diary,diario
fucker,Cabron
wagon,vagón
audition,audición
mitch,mitch
mexican,mexicano
casino,casino
bacon,tocino
diego,diego
dutch,holandés
promotion,promoción
click,hacer clic
forgiveness,perdón
burst,ráfaga
permanent,permanente
interfere,interferir
chanting,canto
dammit,maldito
spencer,spencer
recovered,recuperado
registered,registrado
sunny,soleado
packing,embalaje
scenes,escena
superman,superhombre
questioning,interrogatorio
unfair,injusto
admitted,aceptado
ancestors,ancestros
polite,educado
completed,terminado
swallow,tragar
conduct,conducta
prayers,oraciones
sheet,sábana
fried,frito
avenue,avenida
poisoned,envenenado
reverse,reverso
newspapers,periódicos
ford,vado
complaining,quejumbroso
senses,Sentidos
investment,inversión
absurd,absurdo
potato,papa
understands,entendimiento
grows,crece
inspired,inspirado
ruby,rubí
celebrating,celebrando
tag,etiqueta
ram,RAM
requires,requerimiento
bonnie,bonnie
bugs,insectos
leonard,leonard
elliot,Elliot
hooked,enganchado
jill,Jill
ranch,rancho
safer,más seguro
worn,gastado
crashing,chocando
lands,tierras
heather,brezo
ash,ceniza
leather,cuero
grounds,jardines
assuming,asumiendo
nails,clavos
dana,dana
conspiracy,conspiración
thanksgiving,acción de gracias
pierre,Pierre
guardian,guardián
rumors,rumores
yen,yen
megan,Megan
ashes,cenizas
terror,terror
misunderstanding,malentendido
tire,neumático
boats,barcos
parade,desfile
halt,detener
immunity,inmunidad
adults,adulto
steam,vapor
kang,kang
closely,cercanamente
pearl,perla
soccer,fútbol
adrian,Adrio
priority,prioridad
shouts,gritos
donald,Donald
happier,más feliz
khan,kan
struggling,luchando
root,raíz
larger,más grande
november,noviembre
boot,bota
conflict,conflicto
laughed,Se rió
debbie,Debbie
cherry,cereza
honking,bocina
concerns,preocupaciones
celebration,celebracion
sore,doloroso
unconscious,inconsciente
cattle,ganado
breasts,senos
fairly,justamente
fee,tarifa
recognise,reconocer
wade,vadear
radiation,radiación
holidays,Días festivos
raining,lloviendo
forgetting,olvidado
lungs,pulmones
register,Registrarse
shadows,oscuridad
specifically,específicamente
sarge,sargento
ideal,ideal
turtle,Tortuga
spoil,arruinar
deserved,merecido
ronnie,ronnie
gina,Gina
candidate,candidato
lance,lanza
types,tipos
bloke,tipo
explode,explotar
immediate,inmediato
belonged,pertenecido
identified,identificado
di,DI
hunger,hambre
closest,más cercano
combination,combinación
nanny,niñera
seth,seth
gabriel,Gabriel
develop,desarrollar
detectives,detectives
severe,severo
en,interno
organized,organizado
franklin,Franklin
gut,intestino
splendid,espléndido
dismissed,despedido
pm,pm
yang,yang
halloween,Víspera de Todos los Santos
ellie,Ellie
vulnerable,vulnerable
continued,continuado
vital,vital
comrades,camaradas
bureau,oficina
drawer,cajón
harper,cascarrabias
retreat,retirada
carson,carson
benny,benny
pillow,almohada
troy,troy
ace,as
cart,carro
nap,siesta
chan,chan
ham,jamón
announce,anunciar
borrowed,prestado
parked,estacionado
galaxy,galaxia
voted,votado
muffled,sordo
sebastian,sebastián
mmm-hmm,mmm-hmm
jewelry,joyas
kisses,besos
luggage,equipaje
groom,novio
oops,ups
lighter,encendedor
masters,maestría
alliance,Alianza
buddies,amigos
clothing,ropa
denied,denegado
drown,ahogar
alike,similar
excellency,excelencia
relative,pariente
photographs,fotografías
burger,hamburguesa
dough,masa
alicia,Alicia
wreck,naufragio
approve,aprobar
produced,producido
christina,Christina
physically,físicamente
stations,estaciones
eli,eli
samantha,samantha
spiritual,espiritual
sire,padre
roaring,rugido
stab,puñalada
inch,pulgada
servants,servicio
limits,límites
unexpected,inesperado
arrival,llegada
whimpering,gemido
basket,cesta
sheets,hojas
scandal,escándalo
stink,hedor
homer,homero
tara,Tara
christopher,Christopher
toes,dedos del pie
shield,escudo
shooter,tirador
instant,instante
objects,objetos
rehearsal,ensayo
disturbing,perturbador
directed,dirigido
scan,escanear
electronic,electrónico
republic,república
overnight,durante la noche
counsel,consejo
sirens,sirenas
dorothy,Dorothy
bait,carnada
dignity,dignidad
explains,explica
lean,inclinarse
heroin,heroína
tracy,tracy
rex,rex
barney,Barney
gossip,chisme
humble,humilde
economy,economía
worlds,mundos
impress,impresionar
clara,Clara
tissue,tejido
threaten,amenazar
et,en
bump,bulto
supreme,supremo
bingo,bingo
mitchell,Mitchell
excitement,excitación
mankind,humanidad
document,documento
broad,amplio
vietnam,Vietnam
vessel,buque
lit,iluminado
dale,valle
killers,asesinos
connor,Connor
mario,Mario
foul,falta
stare,mirar fijamente
deaths,fallecidos
hut,cabaña
elements,elementos
coma,coma
laying,colocación
coffin,ataúd
paula,Paula
cocaine,cocaína
puppy,cachorro
louder,más fuerte
handled,manejado
announcement,anuncio
oath,juramento
mob,multitud
cotton,algodón
deposit,depósito
taxes,impuestos
injuries,lesiones
jen,jen
autopsy,autopsia
advise,consejo
gig,Curro
lecture,conferencia
posted,al corriente
skinny,flaco
lo,holgazanería
include,incluir
revealed,reveló
infected,infectado
relieved,aliviado
assistance,asistencia
solo,solo
determine,determinar
terrorists,terroristas
elsewhere,en otra parte
lamp,lámpara
practical,práctico
marked,marcado
adorable,adorable
rubber,goma
purple,violeta
operating,operando
suite,suite
apologies,disculpas
personnel,personal
beam,haz
poet,poeta
samples,muestras
arrow,flecha
counselor,consejero
carpet,alfombra
allen,Allen
audrey,Audrey
spotted,manchado
floating,flotante
corrected,corregido
located,situado
journalist,periodista
insisted,insistido
operator,operador
rely,confiar
singh,singh
fooled,engañado
arrives,llega
leon,León
walt,valla
eastern,oriental
ay,sí
shave,afeitar
remaining,restante
toss,sacudida
anderson,Anderson
lip,labio
acid,ácido
nora,nora
si,si
december,diciembre
anonymous,anónimo
inn,Posada
planted,plantado
oldest,más antiguo
breast,seno
sixth,sexto
error,error
reporting,informes
egypt,Egipto
islands,islas
brother-in-law,cuñado
jules,jules
roommate,compañero de cuarto
sings,canta
scum,escoria
visitor,visitante
giggling,risita
described,descrito
geez,geez
inches,pulgadas
commitment,compromiso
hercules,Hércules
react,reaccionar
cows,vacas
protest,protesta
misery,miseria
theft,robo
embrace,abrazar
darn,maldito
harsh,duro
andrea,Andrea
communicate,comunicar
fathers,Padres
faithful,fiel
hector,Héctor
uh-uh,uh-uh
flame,fuego
medal,medalla
silk,seda
photographer,fotógrafo
trevor,trevor
cemetery,cementerio
rear,trasero
freddy,Freddy
banana,plátano
allison,Allison
emotion,emoción
chap,cap
dated,con fecha de
excuses,excusas
shitty,de mierda
bin,compartimiento
jew,judío
gum,goma
crushed,aplastada
efforts,esfuerzos
content,contenido
corporal,corporal
realised,comprendió
del,dele
rap,rap
hopeless,desesperanzado
debate,debate
era,era
luckily,afortunadamente
ton,tonelada
liquid,líquido
swell,hinchar
peggy,peggy
feast,banquete
murphy,Murphy
attracted,atraído
application,solicitud
profession,profesión
bench,mesa de trabajo
vanessa,Vanessa
ahem,Ejem
symptoms,síntomas
scout,explorar
crashed,se estrelló
keen,entusiasta
aircraft,aeronave
formed,formado
hon,honor
aggressive,agresivo
pale,pálido
significant,importante
duncan,duncan
clubs,clubs
visual,visual
embassy,embajada
defence,defensa
cabinet,gabinete
display,monitor
fame,fama
gibbs,gibbs
drowned,ahogue
wolves,Lobos
filming,rodaje
dunno,No sé
cursed,maldito
twin,mellizo
sorrow,tristeza
vault,bóveda
defeated,derrotado
watson,Watson
quote,cotizar
penalty,multa
bargain,negociar
pepper,pimienta
speaker,altavoz
compare,comparar
satan,Satán
helmet,casco
scar,cicatriz
copies,copias
fuss,escándalo
envelope,sobre
perry,sidra de pera
stinks,apestoso
african,africano
arrangements,preparativos
wished,desestimado
honored,honrado
believing,creyente
discussed,discutido
assigned,asignado
rosa,Rosa
oven,horno
jenna,jenna
attacking,agresor
tin,estaño
sonic,Sonic
collar,cuello
mere,mero
romeo,Romeo
belief,creencia
storage,almacenamiento
rusty,oxidado
psycho,psicópata
climbing,escalada
melissa,toronjil
fears,miedos
sum,suma
dedicated,dedicado
ladder,escalera
alternative,alternativa
raid,Redada
dining,comida
ms,milisegundo
corporate,corporativo
folk,gente
jon,jon
replaced,sustituido
bailey,muralla exterior
un,Naciones Unidas
heels,tacones
duties,deberes
smarter,más inteligente
existed,existió
surprising,sorprendente
chess,ajedrez
requested,solicitado
cruise,crucero
primary,primario
rhythm,ritmo
drum,tambor
models,modelos
motorcycle,motocicleta
adopted,adoptado
barrel,barril
cargo,carga
planets,planetas
shove,empujón
wha,WHA
surprises,sorpresas
rosie,Rosie
dings,tallas
trailer,remolque
cannon,cañón
tables,mesas
arse,culo
ally,aliado
lawrence,Lawrence
wee,pequeñito
tapes,cinta adhesiva
dull,tedioso
sandra,sandra
teenage,Adolescente
kent,kent
cooperate,cooperar
risks,riesgos
dug,excavado
worthless,sin valor
arriving,que llega
kindness,amabilidad
ties,corbatas
items,elementos
and-,y-
grip,agarre
relations,relaciones
rumor,rumor
skirt,falda
frog,rana
paige,paige
lloyd,lloyd
claimed,reclamado
perfume,perfume
instrumental,instrumental
flames,llamas
association,asociación
loses,perder
january,enero
spike,pico
israel,Israel
eleven,once
gallery,galería
ginger,jengibre
activities,actividades
iraq,Irak
boarding,embarque
fist,puño
stuffed,relleno
improve,mejorar
creation,creación
connie,Connie
infection,infección
strikes,huelgas
wiped,limpiado
tension,tensión
whistles,silbatos
kindly,amable
certificate,certificado
curtis,Curtis
bold,audaz
threats,amenazas
claudia,Claudia
sid,sid
twisted,retorcido
suspended,suspendido
affected,afectado
envy,envidiar
whale,ballena
dial,marcar
cameron,Cameron
martial,marcial
controlled,revisado
lung,pulmón
nigga,nigga
coal,carbón
upside,al revés
imperial,imperial
pam,pam
paranoid,paranoico
signing,firma
congress,congreso
villa,villa
candles,velas
filling,relleno
becky,Becky
comic,cómic
faint,tenue
recovery,recuperación
volunteer,voluntario
tech,técnico
bleed,sangrar
positions,posición
cindy,cindia
narrow,angosto
forbid,prohibir
stuart,stuart
perspective,perspectiva
faced,enfrentado
neat,ordenado
pierce,atravesar
observe,observar
cycle,ciclo
psychic,psíquico
handling,manejo
goose,ganso
accidentally,accidentalmente
conclusion,conclusión
designer,diseñador
sits,stits
importance,importancia
spots,lugares
francs,francos
sweep,barrer
destroying,destructor
communist,comunista
blackmail,chantaje
pacific,Pacífico
risky,arriesgado
glorious,glorioso
filed,archivado
hatred,odio
cam,leva
deals,ofertas
pos,pajita
fooling,engañado
persons,persona
scotch,escocés
executed,ejecutado
brakes,frenos
blank,vacío
tender,tierno
kurt,kurt
turner,tornero
tub,tina
sucker,ventosa
slight,leve
addition,suma
campus,instalaciones
ritual,ritual
prey,presa
so-called,así llamado
graduate,graduado
anyways,de todos modos
ew,EW
fry,freír
genuine,auténtico
ned,ned
judging,juzgado
doubts,dudas
warden,guardián
ceiling,techo
practicing,practicando
somewhat,un poco
established,establecido
attempted,intentó
zombie,zombi
generations,generaciones
y├Âu,Y├âu
gathering,reunión
warriors,guerreros
mick,mick
electrical,eléctrico
collins,Collins
sobs,sollozos
couples,parejas
depend,depender
institute,instituto
miranda,Miranda
principle,principio
fixing,fijación
therapist,terapeuta
compete,competir
compliment,cumplido
worship,Adoración
residence,residencia
democracy,la democracia
joel,joel
published,publicado
myth,mito
helpless,indefenso
screwing,atornillado
kennedy,kennedy
execution,ejecución
appetite,apetito
formal,formal
strictly,estrictamente
sucked,chupado
tanks,tanques
chickens,gallinas
gwen,gwen
technical,técnico
stella,stella
rod,varilla
meets,Satisface
shepherd,pastor
brazil,Brasil
brutal,brutal
alison,Alison
vain,vano
switched,cambiado
chi,chi
deer,ciervo
brooklyn,Brooklyn
dresses,vestidos
retire,retirarse
overcome,superar
inspiration,inspiración
cunt,coño
benjamin,Benjamín
nicky,níquy
thrilled,encantado
tae,Tae
suggestion,sugerencia
dummy,ficticio
sailor,marinero
destination,destino
bass,bajo
picnic,picnic
assholes,gilipollas
idol,ídolo
trucks,camiones
rank,rango
denise,Denise
yu,Yu
veronica,verónica
blocked,obstruido
strict,estricto
hiya,Hiya
formula,fórmula
clerk,empleado
samurai,samurai
disturbed,perturbado
vera,vera
cafe,cafetería
wandering,errante
consciousness,conciencia
val,Val
nikki,Nikki
min,mínimo
bare,desnudo
hans,Hans
caleb,caleb
butcher,carnicero
arrangement,arreglo
chased,perseguido
ministry,ministerio
brandy,brandy
sweater,suéter
boobs,tetas
locate,localizar
apologise,disculparse
nazi,nazi
parole,libertad condicional
examine,examinar
trains,trenes
candle,vela
prior,previo
stream,corriente
that-,que-
passage,paso
reaching,alcance
organ,Organo
directions,direcciones
asses,culo
outer,exterior
proves,demanda
morris,morris
luxury,lujo
pistol,pistola
v,V
losers,perdedor
funds,fondos
sunset,puesta de sol
strings,instrumentos de cuerda
fortunately,por suerte
gotcha,entendido
tomb,tumba
freddie,Freddie
but-,pero-
engineering,ingeniería
element,elemento
balloon,globo
ty,ty
broadcast,transmisión
spray,rociar
ninja,ninja
eternity,eternidad
handy,práctico
crawl,gatear
slice,rodaja
nations,naciones
behaviour,comportamiento
pace,ritmo
stiff,tieso
lick,lamer
concrete,concreto
allah,Alá
vegetables,verduras
euros,euros
sausage,embutido
constable,alguacil
spinning,hilado
rolls,rollos
genetic,genético
loudly,ruidosamente
old-fashioned,Anticuado
marvelous,maravilloso
subway,subterraneo
creep,arrastrarse
scheme,esquema
performed,realizado
ex-wife,ex esposa
plug,enchufar
rejected,rechazado
brenda,brenda
respected,respetado
backs,espalda
protocol,protocolo
muscles,músculos
kidney,riñón
finishing,refinamiento
products,productos
im,soy
wu,Wu
invasion,invasión
affection,cariño
woody,leñoso
endless,sin fin
discipline,disciplina
horns,cuernos
absence,ausencia
waking,vigilia
dudes,tipos
philosophy,filosofía
cracked,agrietado
nicholas,nicholas
reed,Junco
verdict,veredicto
drake,pato
connections,conexión
privilege,privilegio
anyhow,de todos modos
scent,aroma
naive,ingenuo
daylight,luz
controls,control S
airplane,avión
values,valores
jolly,alegre
swore,juramentar
blaring,enérgico
consent,consentir
puzzle,rompecabezas
disagree,discrepar
argh,argh
winds,vientos
vanished,desaparecido
wizard,mago
ranger,guardabosque
celebrity,celebridad
sniffles,holgazanería
stores,historias
aha,aha
intentions,intenciones
plague,Plaga
farmers,agricultores
breeze,brisa
rascal,bribón
convenient,conveniente
bonus,prima
dong,polla
hush,Cállate
instinct,instinto
entitled,con derecho
porter,portero
maurice,Maurice
wrist,muñeca
originally,originalmente
coins,monedas
drain,fuga
physics,física
phoebe,phoebe
furious,furioso
sniffs,holgazanería
vampires,vampiros
defending,defensor
sector,sector
income,ingreso
finn,finlandés
offended,ofendido
decides,decidir
laser,láser
fled,huido
beers,cervezas
boxing,boxeo
accurate,preciso
kung,kung
snakes,serpientes
thumb,pulgar
bald,calvo
sharon,sharon
suspicion,sospecha
convicted,convicto
roots,raíces
shares,Comparte
bernard,Bernardo
jessie,Jessie
wang,veloz
harrison,Harrison
blues,blues
confusing,confuso
lobby,vestíbulo
recipe,receta
las,lás
winston,Winston
generally,en general
seeking,buscando
secretly,secretamente
declare,declarar
freaked,hecho anormalmente
missile,misil
ensure,asegurar
tricky,difícil
pointed,puntiagudo
hockey,hockey
bubble,burbuja
contacts,contactos
maximum,máximo
reminded,recordado
carriage,carro
curtain,cortina
clues,pistas
hostages,rehenes
circles,círculos
author,autor
wallace,Wallace
receiving,recepción
debts,deudas
cellar,cava
tortured,torturado
tips,puntas
mates,compañero
mortal,mortal
reporters,reporteros
associate,asociado
honesty,honestidad
laptop,computadora portátil
jung,junk
katherine,Katherine
rainbow,arcoíris
seed,semilla
mature,maduro
deed,escritura
kay,kay
expenses,gastos
discussing,que se discute
pirate,pirata
meals,comidas
performing,ejecutando
remained,se mantuvo
prostitute,prostituta
adams,adams
retirement,Jubilación
platform,plataforma
claus,Claus
erica,Erica
beds,camas
writes,escribe
illusion,espejismo
mill,molino
dealt,tratado
hears,oído
tryin,intento
manhattan,Manhattan
mole,Topo
rang,sonó
prosecution,enjuiciamiento
fatal,fatal
copper,cobre
troubled,preocupado
heir,heredero
traces,rastros
owners,propietarios
length,longitud
dentist,dentista
zach,Zach
lesbian,lesbiana
enterprise,empresa
tournament,torneo
travelling,de viaje
confessed,confesado
roast,tostar
website,sitio web
ja,ja
mikey,mikey
flood,inundación
harbor,puerto
lola,lola
rory,rory
richie,Richie
mansion,mansión
mademoiselle,señorita
auction,subasta
desires,deseos
bachelor,soltero
haunted,obsesionado
distracted,distraído
smashed,colocado
rodney,Rodney
scheduled,programado
negotiate,negociar
champ,morder
allows,permitir
shotgun,escopeta
nigger,negro
cocktail,cóctel
donkey,Burro
pointing,apuntado
butler,mayordomo
dizzy,mareado
methods,métodos
reference,referencia
georgia,Georgia
bully,matón
lydia,Lydia
collapse,colapsar
alfred,Alfredo
ana,ana
minimum,mínimo
chairs,sillas
hee,joder
patty,empanada
owes,debes
included,incluido
carmen,carmen
civilization,civilización
prices,precios
wealthy,saludable
bart,bart
depression,depresión
tide,marea
rented,alquilado
bra,sostén
lin,lin
fellows,becarios
rot,putrefacción
password,clave
th,th
kirk,iglesia
pedro,pedo
spill,derramar
cured,curado
naomi,naomí
hardest,lo mejor
deceased,fallecido
sleepy,somnoliento
static,estático
hawaii,Hawai
almighty,todopoderoso
murray,Murray
offers,oferta
bruno,bruno
phrase,frase
disgrace,desgracia
sources,fuentes
approval,aprobación
turtles,tortugas
screech,chillido
snack,bocadillo
collected,recogido
ding,timbre
fur,pelaje
jewels,joyas
jan,ene
cheek,mejilla
legally,legalmente
ditch,abandone
benefits,beneficios
roars,rugido
arnold,Arnold
dime,diez centavos
domestic,Doméstico
chuckle,risita
hack,cortar a tajos
ransom,rescate
chang,cambiar
bore,aburrir
muslim,musulmán
loads,cargas
waitress,camarera
nurses,enfermeras
glenn,Glenn
spite,despecho
rebel,rebelde
clearing,claro
andre,Andre
fortunate,afortunado
survivors,sobrevivientes
reply,respuesta
disappoint,decepcionar
orbit,orbita
expose,exponer
gin,Ginebra
austin,Austin
toe,dedo del pie
sympathy,compasión
intel,intel
growth,crecimiento
psychiatrist,psiquiatra
slams,chapas
encounter,encontrar
daphne,Dafne
passenger,pasajero
monkeys,monos
accompany,acompañar
hats,sombreros
column,columna
sigh,suspiro
pounding,golpeteo
economic,económico
tales,cuentos
theirs,suyo
brat,palo de golf
follows,seguimiento
spreading,extensión
sister-in-law,cuñada
burt,burt
hilarious,divertidísimo
hallway,Vestíbulo
hamilton,hamilton
the-,la-
exclusive,exclusivo
chimes,campanillas
greet,saludar
decades,décadas
bowling,bolos
buttons,botones
confusion,confusión
thud,ruido sordo
hooker,puta
ruining,ruina
dreadful,terrible
collecting,recolección
lions,leones
sheila,sheila
douglas,Douglas
february,febrero
elvis,Elvis
forty,cuarenta
sleeps,duernos
sung,cantado
brass,latón
shrink,encogerse
zack,zack
whimpers,gemidos
sworn,jurado
email,Email
proven,probado
tasty,sabroso
covers,cubiertas
sandwiches,sándwiches
rarely,poco frecuentemente
wyatt,Wyatt
programme,programa
irene,Irene
dee,Dee
contacted,contactado
chemistry,química
assured,seguro
applied,aplicado
elected,elegido
subjects,asignaturas
lust,lujuria
label,etiqueta
shakespeare,Shakespeare
tan,broncearse
ego,ego
forgiven,perdonado
phoenix,fénix
companion,compañero
lottery,lotería
worm,gusano
publicity,publicidad
butterfly,mariposa
dialogue,diálogo
cal,California
tremendous,enorme
pervert,pervertido
establish,establecer
dearest,más querido
intimate,íntimo
eager,ansioso
se,SE
cathy,cathy
atlantic,atlántico
contains,contiene
thompson,thompson
shirley,shirley
bets,apuestas
inhales,inhalar
presentation,presentación
allergic,alérgico
den,guarida
wells,pozos
spoiled,arruinado
chen,chen
accomplished,logrado
repay,pagar
politicians,políticos
logic,lógica
gratitude,gratitud
afghanistan,Afganistán
exception,excepción
ultimately,por último
pablo,pablo
compromise,compromiso
majority,mayoría
journal,diario
signals,señales
bent,doblado
dock,muelle
meg,meg
essential,básico
campbell,Campbell
climate,climatizado
experiments,experimentos
ink,tinta
magazines,revistas
rivers,ríos
teresa,teresa
administration,administración
passionate,apasionado
precise,preciso
lawn,césped
via,a través de
jeans,pantalones
murmuring,murmullo
resort,complejo
announced,Anunciado
buddha,Buda
fries,papas fritas
capacity,capacidad
lena,lena
opponent,adversario
chains,cadenas
minus,menos
caitlyn,Caitlyn
apples,manzana
angie,angie
seattle,Seattle
aww,oooh
instrument,instrumento
healing,cicatrización
convention,convención
messenger,Mensajero
explore,explorar
sonia,Sonia
versus,versus
survivor,sobreviviente
ruled,gobernado
boyd,boyd
clarence,clarencia
madison,Madison
cough,tos
experts,expertos
disguise,ocultar
archer,arquero
bicycle,bicicleta
noises,ruidos
inviting,atractivo
pregnancy,el embarazo
declared,declarado
yi,yi
vicky,Vicky
drums,batería
wooden,de madera
innocence,inocencia
mouths,bocas
bees,abejas
creaking,crujiente
cloth,tela
sasha,Sasha
unh,holgazanería
skies,cielo
painter,pintor
allies,aliados
miguel,miguel
pond,estanque
runway,pista
robbie,robleño
assist,asistir
lana,lana
presented,presentado
mona,mona
sickness,enfermedad
civilian,civil
fighters,luchadores
facebook,Facebook
customs,costumbres
florence,Florencia
remembers,recuerda
sharks,tiburones
juliet,julieta
shrimp,camarón
tore,desgarrado
seventh,séptimo
ou,UNED
avoiding,evidente
dawson,dawson
isaac,Isaac
rolled,arrollado
championship,campeonato
household,familiar
float,flotar
chad,Chad
ballet,ballet
cracking,agrietamiento
raj,Raj
possessed,poseído
harmless,inofensivo
curiosity,curiosidad
vicious,vicioso
officials,funcionarios
glove,guante
nearest,más cercano
manny,Manny
begged,manchado
que,What
withdraw,retirar
shocking,impactante
guessed,adivinado
nightmares,pesadillas
greedy,codicioso
forehead,frente
corps,cuerpo
pirates,piratas
rudy,rudín
reservation,reserva
hunters,cazadores
fog,niebla
flu,gripe
good-looking,guapo
hint,insinuación
peanut,maní
stark,rígido
gamble,jugar
erin,Irlanda
autumn,otoño
bracelet,pulsera
contain,contener
arrogant,arrogante
simpson,Simpson
piper,gaitero
knocks,tocas
sperm,esperma
gesture,gesto
materials,materiales
lindsay,Lindsay
alexis,Alexis
ticking,tictac
standards,estándares
ribs,costillas
receipt,recibo
regards,Saludos
whatsoever,lo que
homeland,patria
leap,salto
targets,objetivos
snoring,ronquidos
damon,damón
leaf,hoja
jar,frasco
brooke,Brooke
proposed,propuesto
savage,salvaje
caring,cuidando
ivy,hiedra
approximately,aproximadamente
kidnap,secuestrar
carries,acarreos
bounce,bote
creek,Riachuelo
pony,poni
cleaner,limpiador
businessman,empresario
ha-ha,ja ja
lunatic,lunático
unlikely,improbable
gal,galón
situations,situaciones
colony,colonia
sells,vender
choi,choi
chambers,cámaras
volume,volumen
sweets,dulces
panties,bragas
respects,saludos
reads,lectura
seeds,semillas
engage,comprometerse
explosives,explosivos
stewart,Stewart
violet,Violeta
mutual,mutual
lighting,Encendiendo
scores,puntuaciones
lenny,Lenny
savings,ahorros
beware,tener cuidado
stephanie,stephanie
educated,educado
complaints,quejas
cassie,castaño
doomed,condenado
offensive,ofensivo
harvest,cosecha
qualified,calificado
relaxed,relajado
cape,capa
buffalo,búfalo
triple,triple
fireworks,fuegos artificiales
palmer,palmero
armor,armadura
poverty,pobreza
leadership,liderazgo
rode,montó
ambition,ambición
cakes,tortas
trousers,pantalones
bean,frijol
melt,derretir
racist,racista
bam,bam
ankle,tobillo
occupied,ocupado
nicer,mejor
correctly,correctamente
terrifying,espantoso
hugh,hugh
gasp,jadear
villain,villano
willy,colita
marc,bagazo
draft,reclutar
factor,factor
whew,Uf
countess,condesa
portrait,retrato
suggests,sugerencias
font,fuente
blair,blair
learnt,aprendió
pencil,lápiz
coordinates,coordenadas
collapsed,colapsado
reserve,reserva
jeffrey,Jeffrey
shirts,camisas
umbrella,sombrilla
stevie,stevie
ta,ejército de reserva
traveled,viajado
auto,auto
logical,lógico
chew,masticar
eliminate,eliminar
beverly,beverly
carbon,carbón
cancelled,cancelado
crawling,rastreo
stepping,paso
independence,independencia
medium,medio
canceled,cancelado
tess,tess
fanny,coño
seated,sentado
upbeat,optimista
asian,asiático
drowning,ahogo
messy,desordenado
quest,búsqueda
represents,representa
fletcher,fletcher
memorial,monumento
doyle,doyle
stressed,estresado
bearing,Llevando
watches,relojes
spoon,cuchara
cooperation,cooperación
tucker,fatigar
earthquake,terremoto
sailing,navegación
involve,involucrar
houston,Houston
asia,Asia
spectacular,espectacular
reliable,de confianza
it-,eso-
breach,incumplimiento
sophisticated,sofisticado
echo,eco
indicate,indicar
swamp,pantano
vehicles,vehículo
manual,manual
elegant,elegante
compound,compuesto
serves,servir
scares,sustos
rattling,muy
pursue,buscar
dreamt,soñado
stefan,stefan
revolutionary,revolucionario
rig,plataforma
convincing,Convincente
fiona,Fiona
tribal,tribal
cleveland,Cleveland
lex,lex
depth,profundidad
blaming,culpable
aids,SIDA
elaine,elaine
wakes,estufas
occur,ocurrir
camping,cámping
fart,pedo
stamp,estampilla
kathy,Kathy
assassin,asesino
approved,aprobado
crucial,crucial
annual,anual
torch,antorcha
dallas,Dallas
fulfill,realizar
bon,ben
resting,de descanso
reunion,reunión
witnessed,presenciado
graduated,graduado
sub,sub
howling,clamoroso
clyde,clyde
hospitals,hospitales
stall,parar
legacy,legado
otto,otón
riot,disturbio
shops,tiendas
whereabouts,paradero
teenager,adolescente
samuel,Samuel
squealing,chillido
mines,minas
danced,danzado
crowded,atestado
orleans,Orleans
literature,literatura
morgue,morgue
strongest,el más fuerte
agnes,Inés
transmission,transmisión
panel,panel
sole,único
sequence,secuencia
sexually,sexualmente
georgie,georgie
hugo,Hugo
denny,denny
smack,tortazo
congratulate,felicitar
anxiety,ansiedad
choking,asfixia
tolerate,tolerar
mode,modo
communications,comunicación
welfare,bienestar
dice,dado
orphan,huérfano
locks,Cerraduras
settlement,asentamiento
advertising,publicidad
uniforms,uniformes
mcgee,McGee
devoted,dedicado
shoots,brotes
principles,principios
circuit,circuito
nickname,apodo
dot,punto
elderman,hombre mayor
scenario,guión
choir,coro
stunt,truco
smoked,ahumado
isolated,aislado
equally,igualmente
statements,declaraciones
gil,gil
shaw,shaw
lipstick,lápiz labial
courtesy,cortesía
hobby,Hobby
hesitate,dudar
hatch,escotilla
luis,Luis
sylvia,Sylvia
phoned,llamado
experiences,experiencias
popped,estirado
quid,libra
fragile,frágil
husbands,maridos
fiction,ficción
persuade,persuadir
pastor,pastor
dolls,muñecas
pose,pose
ji,Ji
ming,ming
rupees,rupias
tricked,bureado